<?xml version="1.0"?>
<doc>
    <assembly>
        <name>DailyConfigInit</name>
    </assembly>
    <members>
        <member name="T:DailyConfigInit.Program">
            <summary>
                Program.
            </summary>
        </member>
        <member name="M:DailyConfigInit.Program.InitDailyConfig(Microsoft.WindowsAzure.Storage.Table.CloudTable)">
            <summary>
                Initializes the daily configuration.
            </summary>
            <param name="table">The table.</param>
        </member>
        <member name="M:DailyConfigInit.Program.InitDailyConfigs(System.String,System.String,System.String)">
            <summary>
                Initializes the daily configs.
            </summary>
            <param name="connectionString">The connection string.</param>
            <param name="tableName">Name of the table.</param>
            <param name="version">The version.</param>
        </member>
        <member name="M:DailyConfigInit.Program.IsWorkDay(System.DateTime)">
            <summary>
                Determines whether [is work day] [the specified day].
            </summary>
            <param name="day">The day.</param>
            <returns><c>true</c> if [is work day] [the specified day]; otherwise, <c>false</c>.</returns>
        </member>
        <member name="M:DailyConfigInit.Program.Main(System.String[])">
            <summary>
                Defines the entry point of the application.
            </summary>
            <param name="args">The arguments.</param>
        </member>
        <member name="M:DailyConfigInit.Program.PrintHelp">
            <summary>
                Prints the help.
            </summary>
        </member>
        <member name="T:DailyConfigInit.Program.ConfigEntity">
            <summary>
                ConfigEntity. This class cannot be inherited.
            </summary>
        </member>
        <member name="P:DailyConfigInit.Program.ConfigEntity.BonusAmount">
            <summary>
                Gets or sets the bonus amount.
            </summary>
            <value>The bonus amount.</value>
        </member>
        <member name="P:DailyConfigInit.Program.ConfigEntity.DateIndex">
            <summary>
                Gets or sets the index of the date.
            </summary>
            <value>The index of the date.</value>
        </member>
        <member name="P:DailyConfigInit.Program.ConfigEntity.IsWorkday">
            <summary>
                Gets or sets a value indicating whether this instance is workday.
            </summary>
            <value><c>true</c> if this instance is workday; otherwise, <c>false</c>.</value>
        </member>
        <member name="P:DailyConfigInit.Program.ConfigEntity.JBYWithdrawalLimit">
            <summary>
                Gets or sets the jby withdrawal limit.
            </summary>
            <value>The jby withdrawal limit.</value>
        </member>
        <member name="P:DailyConfigInit.Program.ConfigEntity.JBYYield">
            <summary>
                Gets or sets the jby yield.
            </summary>
            <value>The jby yield.</value>
        </member>
    </members>
</doc>
