<?xml version="1.0"?>
<doc>
    <assembly>
        <name>MoeEntityFramework</name>
    </assembly>
    <members>
        <member name="T:Moe.EntityFramework.DbContextBase">
            <summary>
                Class DbContextBase.
            </summary>
        </member>
        <member name="F:Moe.EntityFramework.DbContextBase.retryPolicy">
            <summary>
                The retry policy
            </summary>
        </member>
        <member name="M:Moe.EntityFramework.DbContextBase.#ctor(System.String)">
            <summary>
                Initializes a new instance of the <see cref="T:Moe.EntityFramework.DbContextBase" /> class.
            </summary>
            <param name="nameOrConnectionString">The name or connection string.</param>
        </member>
        <member name="M:Moe.EntityFramework.DbContextBase.Add``1(``0)">
            <summary>
                Adds the specified entity.
            </summary>
            <typeparam name="T"></typeparam>
            <param name="entity">The entity.</param>
        </member>
        <member name="M:Moe.EntityFramework.DbContextBase.AddRange``1(System.Collections.Generic.IEnumerable{``0})">
            <summary>
                Adds the range.
            </summary>
            <typeparam name="T"></typeparam>
            <param name="entities">The entities.</param>
        </member>
        <member name="M:Moe.EntityFramework.DbContextBase.ExecuteAction(System.Action)">
            <summary>
                Executes the action.
            </summary>
            <param name="action">The action.</param>
        </member>
        <member name="M:Moe.EntityFramework.DbContextBase.ExecuteAction``1(System.Func{``0})">
            <summary>
                Executes the action.
            </summary>
            <typeparam name="TResult">The type of the t result.</typeparam>
            <param name="func">The function.</param>
            <returns>TResult.</returns>
        </member>
        <member name="M:Moe.EntityFramework.DbContextBase.ExecuteAsync(System.Func{System.Threading.Tasks.Task})">
            <summary>
                Executes the asynchronous.
            </summary>
            <param name="taskAction">The task action.</param>
            <returns>Task.</returns>
        </member>
        <member name="M:Moe.EntityFramework.DbContextBase.ExecuteAsync(System.Func{System.Threading.Tasks.Task},System.Threading.CancellationToken)">
            <summary>
                Executes the asynchronous.
            </summary>
            <param name="taskAction">The task action.</param>
            <param name="cancellationToken">The cancellation token.</param>
            <returns>Task.</returns>
        </member>
        <member name="M:Moe.EntityFramework.DbContextBase.ExecuteAsync``1(System.Func{System.Threading.Tasks.Task{``0}},System.Threading.CancellationToken)">
            <summary>
                Executes the asynchronous.
            </summary>
            <typeparam name="TResult">The type of the t result.</typeparam>
            <param name="taskFunc">The task function.</param>
            <param name="cancellationToken">The cancellation token.</param>
            <returns>Task&lt;TResult&gt;.</returns>
        </member>
        <member name="M:Moe.EntityFramework.DbContextBase.ExecuteSaveChangesAsync(System.Threading.CancellationToken)">
            <summary>
                Executes the save changes asynchronous.
            </summary>
            <param name="cancellationToken">The cancellation token.</param>
            <returns>Task&lt;System.Int32&gt;.</returns>
        </member>
        <member name="M:Moe.EntityFramework.DbContextBase.ExecuteSaveChangesAsync">
            <summary>
                Executes the save changes asynchronous.
            </summary>
            <returns>Task&lt;System.Int32&gt;.</returns>
        </member>
        <member name="M:Moe.EntityFramework.DbContextBase.Query``1">
            <summary>
                Queries this instance.
            </summary>
            <typeparam name="T"></typeparam>
            <returns>IQueryable&lt;T&gt;.</returns>
        </member>
        <member name="M:Moe.EntityFramework.DbContextBase.ReadonlyQuery``1">
            <summary>
                Readonlies the query.
            </summary>
            <typeparam name="T"></typeparam>
            <returns>IQueryable&lt;T&gt;.</returns>
        </member>
        <member name="M:Moe.EntityFramework.DbContextBase.Remove``1(``0)">
            <summary>
                Removes the specified entity.
            </summary>
            <typeparam name="T"></typeparam>
            <param name="entity">The entity.</param>
        </member>
        <member name="M:Moe.EntityFramework.DbContextBase.RemoveAsync``1(``0)">
            <summary>
                Removes the asynchronous.
            </summary>
            <typeparam name="T"></typeparam>
            <param name="entity">The entity.</param>
            <returns>Task&lt;System.Int32&gt;.</returns>
        </member>
        <member name="M:Moe.EntityFramework.DbContextBase.Save``1(``0)">
            <summary>
                Saves the specified entity.
            </summary>
            <typeparam name="T"></typeparam>
            <param name="entity">The entity.</param>
            <returns>System.Int32.</returns>
        </member>
        <member name="M:Moe.EntityFramework.DbContextBase.SaveAsync``1(``0)">
            <summary>
                Saves the asynchronous.
            </summary>
            <typeparam name="T"></typeparam>
            <param name="entity">The entity.</param>
            <returns>Task&lt;System.Int32&gt;.</returns>
        </member>
        <member name="M:Moe.EntityFramework.DbContextBase.SaveOrUpdateAsync``1(``0,System.Linq.Expressions.Expression{System.Func{``0,System.Boolean}})">
            <summary>
                Saves the or update asynchronous.
            </summary>
            <typeparam name="T"></typeparam>
            <param name="entity">The entity.</param>
            <param name="identifierExpression">The identifier expression.</param>
            <returns>Task&lt;System.Int32&gt;.</returns>
        </member>
    </members>
</doc>
