<?xml version="1.0"?>
<doc>
    <assembly>
        <name>SmsClient</name>
    </assembly>
    <members>
        <member name="T:SmsClient.ApiKeyAuthDelegatingHandler">
            <summary>
                ApiKeyAuthDelegatingHandler.
            </summary>
        </member>
        <member name="M:SmsClient.ApiKeyAuthDelegatingHandler.SendAsync(System.Net.Http.HttpRequestMessage,System.Threading.CancellationToken)">
            <summary>
                send as an asynchronous operation.
            </summary>
            <param name="request">The request.</param>
            <param name="cancellationToken">The cancellation token.</param>
            <returns>Task&lt;HttpResponseMessage&gt;.</returns>
        </member>
        <member name="T:SmsClient.SmsMessage">
            <summary>
                SmsMessage.
            </summary>
        </member>
        <member name="P:SmsClient.SmsMessage.Cellphones">
            <summary>
                手机号，多个号码以,分隔，这里不会验证手机号的格式是否正确
            </summary>
        </member>
        <member name="P:SmsClient.SmsMessage.Channel">
            <summary>
                短信通道
            </summary>
        </member>
        <member name="P:SmsClient.SmsMessage.Message">
            <summary>
                短信内容
            </summary>
        </member>
        <member name="P:SmsClient.SmsMessage.Signature">
            <summary>
                短信签名
            </summary>
        </member>
    </members>
</doc>
