<?xml version="1.0"?>
<doc>
    <assembly>
        <name>Yuyi.Jinyinmao.Services.Misc</name>
    </assembly>
    <members>
        <member name="T:Yuyi.Jinyinmao.Service.ApiKeyAuthDelegatingHandler">
            <summary>
                ApiKeyAuthDelegatingHandler.
            </summary>
        </member>
        <member name="F:Yuyi.Jinyinmao.Service.ApiKeyAuthDelegatingHandler.AppId">
            <summary>
                The application identifier
            </summary>
        </member>
        <member name="F:Yuyi.Jinyinmao.Service.ApiKeyAuthDelegatingHandler.AppKey">
            <summary>
                The API key
            </summary>
        </member>
        <member name="M:Yuyi.Jinyinmao.Service.ApiKeyAuthDelegatingHandler.SendAsync(System.Net.Http.HttpRequestMessage,System.Threading.CancellationToken)">
            <summary>
                send as an asynchronous operation.
            </summary>
            <param name="request">The request.</param>
            <param name="cancellationToken">The cancellation token.</param>
            <returns>Task&lt;HttpResponseMessage&gt;.</returns>
        </member>
        <member name="T:Yuyi.Jinyinmao.Service.Models.JYMDBContext">
            <summary>
                JYMDBContext.
            </summary>
        </member>
        <member name="F:Yuyi.Jinyinmao.Service.Models.JYMDBContext.ConnectionString">
            <summary>
                The connectiong string
            </summary>
        </member>
        <member name="M:Yuyi.Jinyinmao.Service.Models.JYMDBContext.#cctor">
            <summary>
                Initializes static members of the <see cref="T:Yuyi.Jinyinmao.Service.Models.JYMDBContext" /> class.
            </summary>
        </member>
        <member name="M:Yuyi.Jinyinmao.Service.Models.JYMDBContext.#ctor">
            <summary>
                Initializes a new instance of the <see cref="T:Yuyi.Jinyinmao.Service.Models.JYMDBContext" /> class.
            </summary>
        </member>
        <member name="P:Yuyi.Jinyinmao.Service.Models.JYMDBContext.VeriCodes">
            <summary>
                Gets or sets the veri codes.
            </summary>
            <value>The veri codes.</value>
        </member>
        <member name="M:Yuyi.Jinyinmao.Service.Models.JYMDBContext.OnModelCreating(System.Data.Entity.DbModelBuilder)">
            <summary>
                Called when [model creating].
            </summary>
            <param name="modelBuilder">The model builder.</param>
        </member>
        <member name="T:Yuyi.Jinyinmao.Service.Models.Mapping.VeriCodeMap">
            <summary>
                VeriCodeMap.
            </summary>
        </member>
        <member name="M:Yuyi.Jinyinmao.Service.Models.Mapping.VeriCodeMap.#ctor">
            <summary>
                Initializes a new instance of the <see cref="T:Yuyi.Jinyinmao.Service.Models.Mapping.VeriCodeMap" /> class.
            </summary>
        </member>
        <member name="T:Yuyi.Jinyinmao.Service.Models.VeriCode">
            <summary>
                VeriCode.
            </summary>
        </member>
        <member name="P:Yuyi.Jinyinmao.Service.Models.VeriCode.Args">
            <summary>
                Gets or sets the arguments.
            </summary>
            <value>The arguments.</value>
        </member>
        <member name="P:Yuyi.Jinyinmao.Service.Models.VeriCode.BuildAt">
            <summary>
                Gets or sets the build at.
            </summary>
            <value>The build at.</value>
        </member>
        <member name="P:Yuyi.Jinyinmao.Service.Models.VeriCode.Cellphone">
            <summary>
                Gets or sets the cellphone.
            </summary>
            <value>The cellphone.</value>
        </member>
        <member name="P:Yuyi.Jinyinmao.Service.Models.VeriCode.Code">
            <summary>
                Gets or sets the code.
            </summary>
            <value>The code.</value>
        </member>
        <member name="P:Yuyi.Jinyinmao.Service.Models.VeriCode.ErrorCount">
            <summary>
                Gets or sets the error count.
            </summary>
            <value>The error count.</value>
        </member>
        <member name="P:Yuyi.Jinyinmao.Service.Models.VeriCode.Id">
            <summary>
                Gets or sets the identifier.
            </summary>
            <value>The identifier.</value>
        </member>
        <member name="P:Yuyi.Jinyinmao.Service.Models.VeriCode.Times">
            <summary>
                Gets or sets the times.
            </summary>
            <value>The times.</value>
        </member>
        <member name="P:Yuyi.Jinyinmao.Service.Models.VeriCode.Token">
            <summary>
                Gets or sets the token.
            </summary>
            <value>The token.</value>
        </member>
        <member name="P:Yuyi.Jinyinmao.Service.Models.VeriCode.Type">
            <summary>
                Gets or sets the type.
            </summary>
            <value>The type.</value>
        </member>
        <member name="P:Yuyi.Jinyinmao.Service.Models.VeriCode.Used">
            <summary>
                Gets or sets a value indicating whether this <see cref="T:Yuyi.Jinyinmao.Service.Models.VeriCode" /> is used.
            </summary>
            <value><c>true</c> if used; otherwise, <c>false</c>.</value>
        </member>
        <member name="P:Yuyi.Jinyinmao.Service.Models.VeriCode.Verified">
            <summary>
                Gets or sets a value indicating whether this <see cref="T:Yuyi.Jinyinmao.Service.Models.VeriCode" /> is verified.
            </summary>
            <value><c>true</c> if verified; otherwise, <c>false</c>.</value>
        </member>
        <member name="T:Yuyi.Jinyinmao.Service.VeriCodeService">
            <summary>
                Class VeriCodeService.
            </summary>
        </member>
        <member name="F:Yuyi.Jinyinmao.Service.VeriCodeService.MaxSendTimes">
            <summary>
                The maximum send times
            </summary>
        </member>
        <member name="F:Yuyi.Jinyinmao.Service.VeriCodeService.VeriCodeValidityInMinute">
            <summary>
                The veri code validity in minute
            </summary>
        </member>
        <member name="F:Yuyi.Jinyinmao.Service.VeriCodeService.smsService">
            <summary>
                The SMS service
            </summary>
        </member>
        <member name="M:Yuyi.Jinyinmao.Service.VeriCodeService.#ctor(Yuyi.Jinyinmao.Service.Interface.ISmsService)">
            <summary>
                Initializes a new instance of the <see cref="T:Yuyi.Jinyinmao.Service.VeriCodeService" /> class.
            </summary>
            <param name="smsService">The SMS service.</param>
        </member>
        <member name="M:Yuyi.Jinyinmao.Service.VeriCodeService.SendAsync(System.String,Yuyi.Jinyinmao.Service.Interface.VeriCodeType,System.Collections.Generic.Dictionary{System.String,System.Object})">
            <summary>
                Sends the asynchronous.
            </summary>
            <param name="cellphone">The cellphone.</param>
            <param name="type">The type.</param>
            <param name="args">The arguments.</param>
            <returns>Task&lt;SendVeriCodeResult&gt;.</returns>
        </member>
        <member name="M:Yuyi.Jinyinmao.Service.VeriCodeService.UseAsync(System.String,Yuyi.Jinyinmao.Service.Interface.VeriCodeType)">
            <summary>
                Uses the asynchronous.
            </summary>
            <param name="token">The token.</param>
            <param name="type">The type.</param>
            <returns>Task&lt;UseVeriCodeResult&gt;.</returns>
        </member>
        <member name="M:Yuyi.Jinyinmao.Service.VeriCodeService.VerifyAsync(System.String,System.String,Yuyi.Jinyinmao.Service.Interface.VeriCodeType)">
            <summary>
                Verifies the asynchronous.
            </summary>
            <param name="cellphone">The cellphone.</param>
            <param name="code">The code.</param>
            <param name="type">The type.</param>
            <returns>Task&lt;VerifyVeriCodeResult&gt;.</returns>
        </member>
        <member name="T:Yuyi.Jinyinmao.Service.SmsMessage">
            <summary>
                SmsMessage.
            </summary>
        </member>
        <member name="P:Yuyi.Jinyinmao.Service.SmsMessage.Cellphones">
            <summary>
                手机号，多个号码以,分隔，这里不会验证手机号的格式是否正确
            </summary>
        </member>
        <member name="P:Yuyi.Jinyinmao.Service.SmsMessage.Channel">
            <summary>
                短信通道
            </summary>
        </member>
        <member name="P:Yuyi.Jinyinmao.Service.SmsMessage.Message">
            <summary>
                短信内容
            </summary>
        </member>
        <member name="P:Yuyi.Jinyinmao.Service.SmsMessage.Signature">
            <summary>
                短信签名
            </summary>
        </member>
        <member name="T:Yuyi.Jinyinmao.Service.SmsService">
            <summary>
                Class SmsService.
            </summary>
        </member>
        <member name="M:Yuyi.Jinyinmao.Service.SmsService.GetBalanceAsync">
            <summary>
                Gets the balance asynchronous.
            </summary>
            <returns>Task&lt;System.Int32&gt;.</returns>
        </member>
        <member name="M:Yuyi.Jinyinmao.Service.SmsService.SendMessageAsync(System.String,System.String,System.String)">
            <summary>
                Sends the message asynchronous.
            </summary>
            <param name="cellphones">The cellphones.</param>
            <param name="message">The message.</param>
            <param name="signature">The signature.</param>
            <returns>Task&lt;System.Boolean&gt;.</returns>
        </member>
    </members>
</doc>
