<?xml version="1.0"?>
<doc>
    <assembly>
        <name>Yuyi.Jinyinmao.Resources</name>
    </assembly>
    <members>
        <member name="T:Yuyi.Jinyinmao.Resources">
            <summary>
              A strongly-typed resource class, for looking up localized strings, etc.
            </summary>
        </member>
        <member name="P:Yuyi.Jinyinmao.Resources.ResourceManager">
            <summary>
              Returns the cached ResourceManager instance used by this class.
            </summary>
        </member>
        <member name="P:Yuyi.Jinyinmao.Resources.Culture">
            <summary>
              Overrides the current thread's CurrentUICulture property for all
              resource lookups using this strongly typed resource class.
            </summary>
        </member>
        <member name="P:Yuyi.Jinyinmao.Resources.Sms_DepositFailed">
            <summary>
              Looks up a localized string similar to 金银猫账户充值失败，充值银行卡尾号为{0}，金额{1}元。失败原因：{2}。如需帮助，请致电4008556333【工作人员不会向您索取银行卡密码】.
            </summary>
        </member>
        <member name="P:Yuyi.Jinyinmao.Resources.Sms_DepositSuccessed">
            <summary>
              Looks up a localized string similar to 金银猫账户充值成功，充值银行卡尾号为{0}，金额{1}元。如非本人操作，请致电4008556333.
            </summary>
        </member>
        <member name="P:Yuyi.Jinyinmao.Resources.Sms_JBYPurchased">
            <summary>
              Looks up a localized string similar to 您申购的金银猫金包银已经购买成功，金额{0}元。如非本人操作，请致电4008556333.
            </summary>
        </member>
        <member name="P:Yuyi.Jinyinmao.Resources.Sms_OrderBuilt">
            <summary>
              Looks up a localized string similar to 您已购买成功金银猫理财产品，订单号：{0}，订单金额{1}元。如非本人操作，请致电4008556333.
            </summary>
        </member>
        <member name="P:Yuyi.Jinyinmao.Resources.Sms_OrderRepaid">
            <summary>
              Looks up a localized string similar to 您购买的金银猫理财产品已经还款，订单号：{0}，本息共计{1}元。如需帮助，请致电4008556333.
            </summary>
        </member>
        <member name="P:Yuyi.Jinyinmao.Resources.Sms_ResetLoginPawword">
            <summary>
              Looks up a localized string similar to 您的登录密码修改成功，如非本人操作，请立刻致电4008556333【工作人员不会向您索取验证码】.
            </summary>
        </member>
        <member name="P:Yuyi.Jinyinmao.Resources.Sms_ResetPaymentPawword">
            <summary>
              Looks up a localized string similar to 您的支付密码修改成功，如非本人操作，请立刻致电4008556333【工作人员不会向您索取验证码】.
            </summary>
        </member>
        <member name="P:Yuyi.Jinyinmao.Resources.Sms_SignUpSuccessful">
            <summary>
              Looks up a localized string similar to 恭喜您成功注册金银猫。如非本人操作，请致电4008556333.
            </summary>
        </member>
        <member name="P:Yuyi.Jinyinmao.Resources.Sms_VeriCode">
            <summary>
              Looks up a localized string similar to 验证码 {0}，{1}分钟内有效。请勿泄漏。如非本人操作，请致电4008556333【工作人员不会向您索取验证码】.
            </summary>
        </member>
        <member name="P:Yuyi.Jinyinmao.Resources.Sms_VeriCode_ResetLoginPawword">
            <summary>
              Looks up a localized string similar to 您正在修改登录密码，验证码 {0}，{1}分钟内有效。请勿泄漏。如非本人操作，请致电4008556333【工作人员不会向您索取验证码】.
            </summary>
        </member>
        <member name="P:Yuyi.Jinyinmao.Resources.Sms_VeriCode_ResetPaymentPawword">
            <summary>
              Looks up a localized string similar to 您正在修改支付密码，验证码 {0}，{1}分钟内有效。请勿泄漏。如非本人操作，请致电4008556333【工作人员不会向您索取验证码】.
            </summary>
        </member>
        <member name="P:Yuyi.Jinyinmao.Resources.Sms_VeriCode_SignUp">
            <summary>
              Looks up a localized string similar to 您正在注册金银猫账户，验证码 {0}，{1}分钟内有效。请勿泄漏。如非本人操作，请致电4008556333【工作人员不会向您索取验证码】.
            </summary>
        </member>
        <member name="P:Yuyi.Jinyinmao.Resources.Sms_VerifyBankCardFailed">
            <summary>
              Looks up a localized string similar to 您尾号为{0}的借记卡绑定失败。失败原因：{1}。如需帮助，请致电4008556333.
            </summary>
        </member>
        <member name="P:Yuyi.Jinyinmao.Resources.Sms_VerifyBankCardSuccessed">
            <summary>
              Looks up a localized string similar to 您尾号为{0}的借记卡已经绑定成功。现在即可开始购买。如非本人操作，请致电4008556333.
            </summary>
        </member>
        <member name="P:Yuyi.Jinyinmao.Resources.Sms_WithdrawalResulted">
            <summary>
              Looks up a localized string similar to 您申请金银猫账户提现已被银行受理，银行卡尾号为{0}，金额{1}元。请注意查收。如非本人操作，请致电4008556333.
            </summary>
        </member>
    </members>
</doc>
