<?xml version="1.0"?>
<doc>
    <assembly>
        <name>Yuyi.Jinyinmao.Log</name>
    </assembly>
    <members>
        <member name="M:Yuyi.Jinyinmao.Log.AzureBatchingTableStorageSink.#ctor(Microsoft.WindowsAzure.Storage.CloudStorageAccount,System.IFormatProvider,System.Int32,System.TimeSpan,System.String)">
            <summary>
                Construct a sink that saves logs to the specified storage account.
            </summary>
            <param name="storageAccount">The Cloud Storage Account to use to insert the log entries to.</param>
            <param name="formatProvider">Supplies culture-specific formatting information, or null.</param>
            <param name="batchSizeLimit"></param>
            <param name="period"></param>
            <param name="storageTableName">Table name that log entries will be written to. Note: Optional, setting this may impact performance</param>
        </member>
        <member name="M:Yuyi.Jinyinmao.Log.AzureBatchingTableStorageSink.EmitBatch(System.Collections.Generic.IEnumerable{Serilog.Events.LogEvent})">
            <summary>
                Emit a batch of log events, running to completion synchronously.
            </summary>
            <param name="events">The events to emit.</param>
            <remarks>
                Override either <see cref="M:Serilog.Sinks.PeriodicBatching.PeriodicBatchingSink.EmitBatch(System.Collections.Generic.IEnumerable{Serilog.Events.LogEvent})" /> or <see cref="M:Serilog.Sinks.PeriodicBatching.PeriodicBatchingSink.EmitBatchAsync(System.Collections.Generic.IEnumerable{Serilog.Events.LogEvent})" />,
                not both.
            </remarks>
        </member>
        <member name="T:Yuyi.Jinyinmao.Log.LogEventEntity">
            <summary>
                Represents a single log event for the Serilog Azure Table Storage Sink.
            </summary>
            <remarks>
                The PartitionKey is set to "0" followed by the ticks of the log event time (in UTC) as per what Azure Diagnostics logging has.
                The RowKey is set to "{Level}|{MessageTemplate}" to allow you to search for certain categories of log messages or indeed for a
                specific log message quickly using the indexing in Azure Table Storage.
            </remarks>
        </member>
        <member name="M:Yuyi.Jinyinmao.Log.LogEventEntity.#ctor">
            <summary>
                Default constructor for the Storage Client library to re-hydrate entities when querying.
            </summary>
        </member>
        <member name="M:Yuyi.Jinyinmao.Log.LogEventEntity.#ctor(Serilog.Events.LogEvent,System.IFormatProvider,System.Int64)">
            <summary>
                Create a log event entity from a Serilog <see cref="T:Serilog.Events.LogEvent" />.
            </summary>
            <param name="log">The event to log</param>
            <param name="formatProvider">Supplies culture-specific formatting information, or null.</param>
            <param name="partitionKey"></param>
        </member>
        <member name="P:Yuyi.Jinyinmao.Log.LogEventEntity.Data">
            <summary>
                A JSON-serialised representation of the data attached to the log message.
            </summary>
        </member>
        <member name="P:Yuyi.Jinyinmao.Log.LogEventEntity.DeploymentId">
            <summary>
                Gets the unique identifier of the deployment in which the role instance is running.
            </summary>
        </member>
        <member name="P:Yuyi.Jinyinmao.Log.LogEventEntity.Exception">
            <summary>
                A string representation of the exception that was attached to the log (if any).
            </summary>
        </member>
        <member name="P:Yuyi.Jinyinmao.Log.LogEventEntity.Level">
            <summary>
                The level of the log.
            </summary>
        </member>
        <member name="P:Yuyi.Jinyinmao.Log.LogEventEntity.LocalTimestamp">
            <summary>
                Local time.
            </summary>
        </member>
        <member name="P:Yuyi.Jinyinmao.Log.LogEventEntity.MessageTemplate">
            <summary>
                The template that was used for the log message.
            </summary>
        </member>
        <member name="P:Yuyi.Jinyinmao.Log.LogEventEntity.RenderedMessage">
            <summary>
                The rendered log message.
            </summary>
        </member>
        <member name="P:Yuyi.Jinyinmao.Log.LogEventEntity.RoleInstance">
            <summary>
                Represents a role that is defined as part of a hosted service.
            </summary>
        </member>
        <member name="P:Yuyi.Jinyinmao.Log.LogEventEntity.UnixTimestamp">
            <summary>
                Unix timestamp.
            </summary>
        </member>
        <member name="T:Yuyi.Jinyinmao.Log.LoggerConfigurationExtensions">
            <summary>
                LoggerConfigurationExtensions.
            </summary>
        </member>
        <member name="F:Yuyi.Jinyinmao.Log.LoggerConfigurationExtensions.DefaultBatchPostingLimit">
            <summary>
                A reasonable default for the number of events posted in
                each batch.
            </summary>
        </member>
        <member name="F:Yuyi.Jinyinmao.Log.LoggerConfigurationExtensions.DefaultPeriod">
            <summary>
                A reasonable default time to wait between checking for event batches.
            </summary>
        </member>
        <member name="M:Yuyi.Jinyinmao.Log.LoggerConfigurationExtensions.AzureTableStorage(Serilog.Configuration.LoggerSinkConfiguration,Microsoft.WindowsAzure.Storage.CloudStorageAccount,System.String,Serilog.Events.LogEventLevel,System.IFormatProvider,System.Nullable{System.TimeSpan},System.Nullable{System.Int32})">
            <summary>
                Adds a sink that writes log events as records in the 'LogEventEntity' Azure Table Storage table in the given storage account.
            </summary>
            <param name="loggerConfiguration">The logger configuration.</param>
            <param name="storageAccount">The Cloud Storage Account to use to insert the log entries to.</param>
            <param name="storageTableName">Table name that log entries will be written to. Note: Optional, setting this may impact performance</param>
            <param name="restrictedToMinimumLevel">The minimum log event level required in order to write an event to the sink.</param>
            <param name="formatProvider">Supplies culture-specific formatting information, or null.</param>
            <param name="batchPostingLimit">The maximum number of events to post in a single batch.</param>
            <param name="period">The time to wait between checking for event batches.</param>
            <returns>Logger configuration, allowing configuration to continue.</returns>
            <exception cref="T:System.ArgumentNullException">A required parameter is null.</exception>
        </member>
    </members>
</doc>
