<?xml version="1.0"?>
<doc>
    <assembly>
        <name>Yuyi.Jinyinmao.Lib</name>
    </assembly>
    <members>
        <member name="T:Yuyi.Jinyinmao.Packages.Helper.ChannelCodeHelper">
            <summary>
                ChannelCodeHelper.
            </summary>
        </member>
        <member name="P:Yuyi.Jinyinmao.Packages.Helper.ChannelCodeHelper.Jinyinmao">
            <summary>
            Gets the jinyinmao.
            </summary>
            <value>The jinyinmao.</value>
        </member>
        <member name="P:Yuyi.Jinyinmao.Packages.Helper.ChannelCodeHelper.Lianlian">
            <summary>
                Gets the lianlian.
            </summary>
            <value>The lianlian.</value>
        </member>
        <member name="P:Yuyi.Jinyinmao.Packages.Helper.ChannelCodeHelper.Yilian">
            <summary>
                Gets the yilian.
            </summary>
            <value>The yilian.</value>
        </member>
        <member name="T:Yuyi.Jinyinmao.Packages.Helper.DailyConfigHelper">
            <summary>
                DailyConfigHelper.
            </summary>
        </member>
        <member name="M:Yuyi.Jinyinmao.Packages.Helper.DailyConfigHelper.GetDailyConfig(System.DateTime)">
            <summary>
                Gets the daily configuration.
            </summary>
            <param name="date">The date.UTC+8</param>
            <returns>DailyConfig.</returns>
        </member>
        <member name="M:Yuyi.Jinyinmao.Packages.Helper.DailyConfigHelper.GetLastWorkDayConfig(System.Int32)">
            <summary>
                Gets the last work day configuration.
            </summary>
            <param name="offset">The offset.</param>
            <returns>DateTime.</returns>
        </member>
        <member name="M:Yuyi.Jinyinmao.Packages.Helper.DailyConfigHelper.GetLastWorkDayConfig(System.DateTime,System.Int32)">
            <summary>
                Gets the last work day configuration.
            </summary>
            <param name="fromDate">From date.UTC+8</param>
            <param name="offset">The offset.</param>
            <returns>DateTime.</returns>
        </member>
        <member name="M:Yuyi.Jinyinmao.Packages.Helper.DailyConfigHelper.GetNextWorkDayConfig(System.Int32)">
            <summary>
                Gets the next work day configuration.
            </summary>
            <param name="offset">The offset.</param>
            <returns>DailyConfig.</returns>
        </member>
        <member name="M:Yuyi.Jinyinmao.Packages.Helper.DailyConfigHelper.GetNextWorkDayConfig(System.DateTime,System.Int32)">
            <summary>
                Gets the next work day configuration.
            </summary>
            <param name="fromDate">From date.UTC+8</param>
            <param name="offset">The offset.</param>
            <returns>DailyConfig.</returns>
        </member>
        <member name="M:Yuyi.Jinyinmao.Packages.Helper.DailyConfigHelper.GetTodayDailyConfig">
            <summary>
                Gets the today daily configuration.
            </summary>
            <returns>DailyConfig.</returns>
        </member>
        <member name="T:Yuyi.Jinyinmao.Packages.Helper.ConfigEntity">
            <summary>
                ConfigEntity.
            </summary>
        </member>
        <member name="P:Yuyi.Jinyinmao.Packages.Helper.ConfigEntity.DateIndex">
            <summary>
                Gets or sets the index of the date.
            </summary>
            <value>The index of the date.</value>
        </member>
        <member name="P:Yuyi.Jinyinmao.Packages.Helper.ConfigEntity.IsWorkday">
            <summary>
                Gets or sets a value indicating whether this instance is workday.
            </summary>
            <value><c>true</c> if this instance is workday; otherwise, <c>false</c>.</value>
        </member>
        <member name="P:Yuyi.Jinyinmao.Packages.Helper.ConfigEntity.JBYWithdrawalLimit">
            <summary>
                Gets or sets the jby withdrawal limit.
            </summary>
            <value>The jby withdrawal limit.</value>
        </member>
        <member name="P:Yuyi.Jinyinmao.Packages.Helper.ConfigEntity.JBYYield">
            <summary>
                Gets or sets the jby yield.
            </summary>
            <value>The jby yield.</value>
        </member>
        <member name="T:Yuyi.Jinyinmao.Packages.Helper.DailyConfig">
            <summary>
                DailyConfig.
            </summary>
        </member>
        <member name="P:Yuyi.Jinyinmao.Packages.Helper.DailyConfig.Date">
            <summary>
                Gets or sets the date.
            </summary>
            <value>The date.</value>
        </member>
        <member name="P:Yuyi.Jinyinmao.Packages.Helper.DailyConfig.DateString">
            <summary>
                Gets or sets the date string.
            </summary>
            <value>The date string.</value>
        </member>
        <member name="P:Yuyi.Jinyinmao.Packages.Helper.DailyConfig.IsWorkDay">
            <summary>
                Gets or sets a value indicating whether this instance is work day.
            </summary>
            <value><c>true</c> if this instance is work day; otherwise, <c>false</c>.</value>
        </member>
        <member name="P:Yuyi.Jinyinmao.Packages.Helper.DailyConfig.JBYWithdrawalLimit">
            <summary>
                Gets or sets the jby withdrawal limit.
            </summary>
            <value>The jby withdrawal limit.</value>
        </member>
        <member name="P:Yuyi.Jinyinmao.Packages.Helper.DailyConfig.JBYYield">
            <summary>
                Gets or sets the yield.
            </summary>
            <value>The yield.</value>
        </member>
        <member name="T:Yuyi.Jinyinmao.Packages.Helper.JsonHelper">
            <summary>
                JsonHelper.
            </summary>
        </member>
        <member name="P:Yuyi.Jinyinmao.Packages.Helper.JsonHelper.NewDictionary">
            <summary>
                Gets the new dictionary.
            </summary>
            <value>The new dictionary.</value>
        </member>
        <member name="P:Yuyi.Jinyinmao.Packages.Helper.JsonHelper.NewObject">
            <summary>
                Gets the new object.
            </summary>
            <value>The new object.</value>
        </member>
        <member name="T:Yuyi.Jinyinmao.Packages.Helper.ProductCategoryCodeHelper">
            <summary>
                ProductCategoryCodeHelper.
            </summary>
        </member>
        <member name="P:Yuyi.Jinyinmao.Packages.Helper.ProductCategoryCodeHelper.PC100000010">
            <summary>
                银行承兑
            </summary>
        </member>
        <member name="P:Yuyi.Jinyinmao.Packages.Helper.ProductCategoryCodeHelper.PC100000020">
            <summary>
                商业承兑(非指定)
            </summary>
        </member>
        <member name="P:Yuyi.Jinyinmao.Packages.Helper.ProductCategoryCodeHelper.PC100000021">
            <summary>
                商业承兑(国企担保)
            </summary>
        </member>
        <member name="P:Yuyi.Jinyinmao.Packages.Helper.ProductCategoryCodeHelper.PC100000022">
            <summary>
                商业承兑(银行担保)
            </summary>
        </member>
        <member name="P:Yuyi.Jinyinmao.Packages.Helper.ProductCategoryCodeHelper.PC100000023">
            <summary>
                商业承兑(保理业务)
            </summary>
        </member>
        <member name="P:Yuyi.Jinyinmao.Packages.Helper.ProductCategoryCodeHelper.PC100000030">
            <summary>
                金包银
            </summary>
        </member>
        <member name="P:Yuyi.Jinyinmao.Packages.Helper.ProductCategoryCodeHelper.PC210001010">
            <summary>
                富滇银票
            </summary>
        </member>
        <member name="P:Yuyi.Jinyinmao.Packages.Helper.ProductCategoryCodeHelper.PC210001020">
            <summary>
                富滇商票
            </summary>
        </member>
        <member name="P:Yuyi.Jinyinmao.Packages.Helper.ProductCategoryCodeHelper.PC210002010">
            <summary>
                施秉银票
            </summary>
        </member>
        <member name="P:Yuyi.Jinyinmao.Packages.Helper.ProductCategoryCodeHelper.PC210002020">
            <summary>
                施秉商票
            </summary>
        </member>
        <member name="M:Yuyi.Jinyinmao.Packages.Helper.ProductCategoryCodeHelper.IsJinyinmaoJBYProduct(System.Int64)">
            <summary>
                Determines whether [is jinyinmao jby product] [the specified product category code].
            </summary>
            <param name="productCategoryCode">The product category code.</param>
            <returns><c>true</c> if [is jinyinmao jby product] [the specified product category code]; otherwise, <c>false</c>.</returns>
        </member>
        <member name="M:Yuyi.Jinyinmao.Packages.Helper.ProductCategoryCodeHelper.IsJinyinmaoProduct(System.Int64)">
            <summary>
                Determines whether [is jinyinmao product] [the specified product category code].
            </summary>
            <param name="productCategoryCode">The product category code.</param>
            <returns><c>true</c> if [is jinyinmao product] [the specified product category code]; otherwise, <c>false</c>.</returns>
        </member>
        <member name="M:Yuyi.Jinyinmao.Packages.Helper.ProductCategoryCodeHelper.IsJinyinmaoRegularProduct(System.Int64)">
            <summary>
                Determines whether [is jinyinmao regular product] [the specified product category code].
            </summary>
            <param name="productCategoryCode">The product category code.</param>
            <returns><c>true</c> if [is jinyinmao regular product] [the specified product category code]; otherwise, <c>false</c>.</returns>
        </member>
        <member name="T:Yuyi.Jinyinmao.Packages.Helper.SpecialIdHelper">
            <summary>
                SpecialIdHelper.
            </summary>
        </member>
        <member name="P:Yuyi.Jinyinmao.Packages.Helper.SpecialIdHelper.ReinvestingJBYTranscationProductId">
            <summary>
                Gets the j reinvesting by transcation product identifier.
            </summary>
            <value>The j reinvesting by transcation product identifier.</value>
        </member>
        <member name="P:Yuyi.Jinyinmao.Packages.Helper.SpecialIdHelper.WithdrawalJBYTranscationProductId">
            <summary>
                Gets the withdrawal jby transcation product identifier.
            </summary>
            <value>The withdrawal jby transcation product identifier.</value>
        </member>
        <member name="T:Yuyi.Jinyinmao.Packages.Helper.TradeCodeHelper">
            <summary>
                TradeCodeHelper.
            </summary>
        </member>
        <member name="P:Yuyi.Jinyinmao.Packages.Helper.TradeCodeHelper.TC1005011103">
            <summary>
                钱包收到金包银转入金额
            </summary>
        </member>
        <member name="P:Yuyi.Jinyinmao.Packages.Helper.TradeCodeHelper.TC1005011104">
            <summary>
                钱包收到银票或者商票产品返还本金
            </summary>
        </member>
        <member name="P:Yuyi.Jinyinmao.Packages.Helper.TradeCodeHelper.TC1005011105">
            <summary>
                钱包收到银票或者商票产品结算利息
            </summary>
        </member>
        <member name="P:Yuyi.Jinyinmao.Packages.Helper.TradeCodeHelper.TC1005012003">
            <summary>
                钱包金额转为金包银金额
            </summary>
        </member>
        <member name="P:Yuyi.Jinyinmao.Packages.Helper.TradeCodeHelper.TC1005012004">
            <summary>
                购买银票或者商票产品
            </summary>
        </member>
        <member name="P:Yuyi.Jinyinmao.Packages.Helper.TradeCodeHelper.TC1005012102">
            <summary>
                钱包取现收取手续费
            </summary>
        </member>
        <member name="P:Yuyi.Jinyinmao.Packages.Helper.TradeCodeHelper.TC1005021104">
            <summary>
                钱包收到银票或者商票产品返还本金(银行专区)
            </summary>
        </member>
        <member name="P:Yuyi.Jinyinmao.Packages.Helper.TradeCodeHelper.TC1005021105">
            <summary>
                钱包收到银票或者商票产品结算利息(银行专区)
            </summary>
        </member>
        <member name="P:Yuyi.Jinyinmao.Packages.Helper.TradeCodeHelper.TC1005022004">
            <summary>
                购买银票或者商票产品(银行专区)
            </summary>
        </member>
        <member name="P:Yuyi.Jinyinmao.Packages.Helper.TradeCodeHelper.TC1005051001">
            <summary>
                个人钱包账户充值
            </summary>
        </member>
        <member name="P:Yuyi.Jinyinmao.Packages.Helper.TradeCodeHelper.TC1005052001">
            <summary>
                个人钱包账户取现
            </summary>
        </member>
        <member name="P:Yuyi.Jinyinmao.Packages.Helper.TradeCodeHelper.TC2001011106">
            <summary>
                金包银收到金包银的复利投资
            </summary>
        </member>
        <member name="P:Yuyi.Jinyinmao.Packages.Helper.TradeCodeHelper.TC2001012002">
            <summary>
                金包银金额转为钱包金额
            </summary>
        </member>
        <member name="P:Yuyi.Jinyinmao.Packages.Helper.TradeCodeHelper.TC2001051102">
            <summary>
                金包银金额收到钱包转入金额
            </summary>
        </member>
        <member name="M:Yuyi.Jinyinmao.Packages.Helper.TradeCodeHelper.IsCrebit(System.Int32)">
            <summary>
                Determines whether the specified trade code is crebit.
            </summary>
            <param name="tradeCode">The trade code.</param>
            <returns><c>true</c> if the specified trade code is crebit; otherwise, <c>false</c>.</returns>
        </member>
        <member name="M:Yuyi.Jinyinmao.Packages.Helper.TradeCodeHelper.IsDebit(System.Int32)">
            <summary>
                Determines whether the specified trade code is debit.
            </summary>
            <param name="tradeCode">The trade code.</param>
            <returns><c>true</c> if the specified trade code is debit; otherwise, <c>false</c>.</returns>
        </member>
        <member name="T:Yuyi.Jinyinmao.Packages.Helper.VariableHelper">
            <summary>
                VariableHelper.
            </summary>
        </member>
        <member name="F:Yuyi.Jinyinmao.Packages.Helper.VariableHelper.DailyJBYWithdrawalAmountLimit">
            <summary>
                The daily jby withdrawal amount limit
            </summary>
        </member>
        <member name="F:Yuyi.Jinyinmao.Packages.Helper.VariableHelper.DailyWithdrawalLimitCount">
            <summary>
                The daily withdrawal limit count
            </summary>
        </member>
        <member name="F:Yuyi.Jinyinmao.Packages.Helper.VariableHelper.MonthFreeWithrawalLimitCount">
            <summary>
                The month free withrawal limit count
            </summary>
        </member>
        <member name="F:Yuyi.Jinyinmao.Packages.Helper.VariableHelper.WithdrawalChargeFee">
            <summary>
                The withdrawal charge fee
            </summary>
        </member>
        <member name="T:Yuyi.Jinyinmao.Packages.HttpTransientErrorDetectionStrategy">
            <summary>
                HttpTransientErrorDetectionStrategy.
            </summary>
        </member>
        <member name="M:Yuyi.Jinyinmao.Packages.HttpTransientErrorDetectionStrategy.IsTransient(System.Exception)">
            <summary>
                Determines whether the specified exception represents a transient failure that can be compensated by a retry.
            </summary>
            <param name="ex">The exception object to be verified.</param>
            <returns>
                true if the specified exception is considered as transient; otherwise, false.
            </returns>
        </member>
        <member name="T:Yuyi.Jinyinmao.Packages.SequenceNoUtils">
            <summary>
                SequenceNoUtils.
            </summary>
        </member>
        <member name="M:Yuyi.Jinyinmao.Packages.SequenceNoUtils.GenerateNo">
            <summary>
                Generates the no.
            </summary>
            <returns>System.String.</returns>
        </member>
        <member name="T:Yuyi.Jinyinmao.Helper.CloudStorageHelper">
            <summary>
                CloudStorageHelper.
            </summary>
        </member>
        <member name="M:Yuyi.Jinyinmao.Helper.CloudStorageHelper.ReadDataFromTableCache``1(Microsoft.WindowsAzure.Storage.Table.CloudTable,System.String,System.String,System.TimeSpan)">
            <summary>
                Reads the data from table cache asynchronous.
            </summary>
            <typeparam name="T"></typeparam>
            <param name="table">The table.</param>
            <param name="cacheName">Name of the cache.</param>
            <param name="cacheId">The cache identifier.</param>
            <param name="cacheTime">The cache time.</param>
            <returns>T.</returns>
        </member>
        <member name="M:Yuyi.Jinyinmao.Helper.CloudStorageHelper.SetDataToStorageCacheAsync``1(Microsoft.WindowsAzure.Storage.Table.CloudTable,System.String,System.String,``0)">
            <summary>
                set data to storage cache as an asynchronous operation.
            </summary>
            <typeparam name="T"></typeparam>
            <param name="table">The table.</param>
            <param name="cacheName">Name of the cache.</param>
            <param name="cacheId">The cache identifier.</param>
            <param name="data">The data.</param>
            <returns>Task.</returns>
        </member>
        <member name="T:Yuyi.Jinyinmao.Helper.CloudStorageHelper.TableCacheEntity">
            <summary>
                TableCacheEntity.
            </summary>
        </member>
        <member name="P:Yuyi.Jinyinmao.Helper.CloudStorageHelper.TableCacheEntity.Data">
            <summary>
                Gets or sets the data.
            </summary>
            <value>The data.</value>
        </member>
        <member name="P:Yuyi.Jinyinmao.Helper.CloudStorageHelper.TableCacheEntity.LocalTime">
            <summary>
                Gets or sets the local time.
            </summary>
            <value>The local time.</value>
        </member>
        <member name="P:Yuyi.Jinyinmao.Helper.CloudStorageHelper.TableCacheEntity.UnixTimeStamp">
            <summary>
                Gets or sets the unix time stamp.
            </summary>
            <value>The unix time stamp.</value>
        </member>
        <member name="T:Yuyi.Jinyinmao.Helper.CryptographyHelper">
            <summary>
                Class CryptographyHelper.
            </summary>
        </member>
        <member name="M:Yuyi.Jinyinmao.Helper.CryptographyHelper.Check(System.String,System.String,System.String)">
            <summary>
                Checks the specified data.
            </summary>
            <param name="data">The data.</param>
            <param name="salt">The salt.</param>
            <param name="encryptedData">The encrypted data.</param>
            <returns><c>true</c> if XXXX, <c>false</c> otherwise.</returns>
        </member>
        <member name="M:Yuyi.Jinyinmao.Helper.CryptographyHelper.Decrypt(System.String)">
            <summary>
                Decrypts the specified payload.
            </summary>
            <param name="payload">The payload.</param>
            <returns>System.String.</returns>
        </member>
        <member name="M:Yuyi.Jinyinmao.Helper.CryptographyHelper.Encrypt(System.String)">
            <summary>
                Encrypts the specified payload.
            </summary>
            <param name="payload">The payload.</param>
            <returns>System.String.</returns>
        </member>
        <member name="M:Yuyi.Jinyinmao.Helper.CryptographyHelper.Encrypting(System.String,System.String)">
            <summary>
                Encryptings the specified payload.
            </summary>
            <param name="payload">The payload.</param>
            <param name="salt">The salt.</param>
            <returns>System.String.</returns>
        </member>
    </members>
</doc>
