<?xml version="1.0"?>
<doc>
    <assembly>
        <name>Yuyi.Jinyinmao.Domain.Core</name>
    </assembly>
    <members>
        <member name="T:Yuyi.Jinyinmao.Domain.Commands.Command">
            <summary>
                Command.
            </summary>
        </member>
        <member name="M:Yuyi.Jinyinmao.Domain.Commands.Command.#ctor">
            <summary>
                Initializes a new instance of the <see cref="T:Yuyi.Jinyinmao.Domain.Commands.Command" /> class.
            </summary>
        </member>
        <member name="P:Yuyi.Jinyinmao.Domain.Commands.Command.Args">
            <summary>
                Gets or sets the arguments.
            </summary>
            <value>The arguments.</value>
        </member>
        <member name="P:Yuyi.Jinyinmao.Domain.Commands.Command.CommandId">
            <summary>
                Gets or sets the command identifier.
            </summary>
            <value>The command identifier.</value>
        </member>
        <member name="T:Yuyi.Jinyinmao.Domain.CommandStore">
            <summary>
                CommandStore.
            </summary>
        </member>
        <member name="M:Yuyi.Jinyinmao.Domain.CommandStore.StoreCommandRecordAsync(Yuyi.Jinyinmao.Domain.CommandRecord)">
            <summary>
                Stores the command record asynchronous.
            </summary>
            <param name="record">The record.</param>
            <returns>Task.</returns>
        </member>
        <member name="T:Yuyi.Jinyinmao.Domain.EntityGrain`1">
            <summary>
                EntityGrain.
            </summary>
            <typeparam name="TState">The type of the t state.</typeparam>
        </member>
        <member name="P:Yuyi.Jinyinmao.Domain.EntityGrain`1.CommandStore">
            <summary>
                Gets the command store.
            </summary>
        </member>
        <member name="P:Yuyi.Jinyinmao.Domain.EntityGrain`1.EventStore">
            <summary>
                Gets the event store.
            </summary>
        </member>
        <member name="P:Yuyi.Jinyinmao.Domain.EntityGrain`1.StateChanged">
            <summary>
                Gets or sets a value indicating whether [state changed].
            </summary>
            <value><c>true</c> if [state changed]; otherwise, <c>false</c>.</value>
        </member>
        <member name="M:Yuyi.Jinyinmao.Domain.EntityGrain`1.GetIdAsync">
            <summary>
                Gets the identifier.
            </summary>
            <returns>Task&lt;Guid&gt;.</returns>
        </member>
        <member name="M:Yuyi.Jinyinmao.Domain.EntityGrain`1.ReloadAsync">
            <summary>
                Reload state data as an asynchronous operation.
            </summary>
            <returns>Task.</returns>
        </member>
        <member name="M:Yuyi.Jinyinmao.Domain.EntityGrain`1.OnActivateAsync">
            <summary>
                This method is called at the end of the process of activating a grain.
                It is called before any messages have been dispatched to the grain.
                For grains with declared persistent state, this method is called after the State property has been populated.
            </summary>
        </member>
        <member name="M:Yuyi.Jinyinmao.Domain.EntityGrain`1.OnDeactivateAsync">
            <summary>
                This method is called at the begining of the process of deactivating a grain.
            </summary>
        </member>
        <member name="M:Yuyi.Jinyinmao.Domain.EntityGrain`1.BeginProcessCommandAsync(Yuyi.Jinyinmao.Domain.ICommand)">
            <summary>
                Begins the process command asynchronous.
            </summary>
            <param name="command">The command.</param>
            <returns>Task.</returns>
        </member>
        <member name="M:Yuyi.Jinyinmao.Domain.EntityGrain`1.LogError(System.Exception,System.String)">
            <summary>
                Logs the error.
            </summary>
            <param name="exception">The exception.</param>
            <param name="message">The message.</param>
        </member>
        <member name="M:Yuyi.Jinyinmao.Domain.EntityGrain`1.SaveStateAsync">
            <summary>
                Saves the state asynchronous.
            </summary>
            <returns>Task.</returns>
        </member>
        <member name="M:Yuyi.Jinyinmao.Domain.EntityGrain`1.StoreEventAsync(Yuyi.Jinyinmao.Domain.IEvent)">
            <summary>
                Stores the event asynchronous.
            </summary>
            <param name="event">The event.</param>
            <returns>Task.</returns>
        </member>
        <member name="M:Yuyi.Jinyinmao.Domain.EntityGrain`1.SaveStateChangesAsync">
            <summary>
                save state changes as an asynchronous operation.
            </summary>
            <returns>Task.</returns>
        </member>
        <member name="M:Yuyi.Jinyinmao.Domain.EntityGrain`1.StoreCommandAsync(Yuyi.Jinyinmao.Domain.ICommand)">
            <summary>
                Stores the command asynchronous.
            </summary>
            <param name="command">The command.</param>
            <returns>Task.</returns>
        </member>
        <member name="T:Yuyi.Jinyinmao.Domain.ErrorCode">
            <summary>
                Enum ErrorCode
            </summary>
        </member>
        <member name="F:Yuyi.Jinyinmao.Domain.ErrorCode.ProvidersBase">
            <summary>
                The providers base
            </summary>
        </member>
        <member name="F:Yuyi.Jinyinmao.Domain.ErrorCode.AzureTableProviderBase">
            <summary>
                The azure table provider base
            </summary>
        </member>
        <member name="F:Yuyi.Jinyinmao.Domain.ErrorCode.AzureTableProviderRead">
            <summary>
                The azure table provider_ read
            </summary>
        </member>
        <member name="F:Yuyi.Jinyinmao.Domain.ErrorCode.AzureTableProviderWrite">
            <summary>
                The azure table provider_ write
            </summary>
        </member>
        <member name="F:Yuyi.Jinyinmao.Domain.ErrorCode.AzureTableProviderDelete">
            <summary>
                The azure table provider_ delete
            </summary>
        </member>
        <member name="F:Yuyi.Jinyinmao.Domain.ErrorCode.AzureTableProviderInitProvider">
            <summary>
                The azure table provider_ initialize provider
            </summary>
        </member>
        <member name="F:Yuyi.Jinyinmao.Domain.ErrorCode.AzureTableProviderParamConnectionString">
            <summary>
                The azure table provider_ parameter connection string
            </summary>
        </member>
        <member name="F:Yuyi.Jinyinmao.Domain.ErrorCode.SqlDatabaseProviderBase">
            <summary>
                The SQL database provider base
            </summary>
        </member>
        <member name="F:Yuyi.Jinyinmao.Domain.ErrorCode.SqlDatabaseProviderRead">
            <summary>
                The SQL database provider_ read
            </summary>
        </member>
        <member name="F:Yuyi.Jinyinmao.Domain.ErrorCode.SqlDatabaseProviderWrite">
            <summary>
                The SQL database provider_ write
            </summary>
        </member>
        <member name="F:Yuyi.Jinyinmao.Domain.ErrorCode.SqlDatabaseProviderDelete">
            <summary>
                The SQL database provider_ delete
            </summary>
        </member>
        <member name="F:Yuyi.Jinyinmao.Domain.ErrorCode.SqlDatabaseProviderInitProvider">
            <summary>
                The SQL database provider_ initialize provider
            </summary>
        </member>
        <member name="F:Yuyi.Jinyinmao.Domain.ErrorCode.SqlDatabaseProviderParamConnectionString">
            <summary>
                The SQL database provider_ parameter connection string
            </summary>
        </member>
        <member name="T:Yuyi.Jinyinmao.Domain.Events.Event">
            <summary>
                Event.
            </summary>
        </member>
        <member name="M:Yuyi.Jinyinmao.Domain.Events.Event.#ctor">
            <summary>
                Initializes a new instance of the <see cref="T:Yuyi.Jinyinmao.Domain.Events.Event" /> class.
            </summary>
        </member>
        <member name="P:Yuyi.Jinyinmao.Domain.Events.Event.Args">
            <summary>
                Gets or sets the arguments.
            </summary>
            <value>The arguments.</value>
        </member>
        <member name="P:Yuyi.Jinyinmao.Domain.Events.Event.TimeStamp">
            <summary>
                Gets or sets the time stamp.
            </summary>
            <value>The time stamp.</value>
        </member>
        <member name="P:Yuyi.Jinyinmao.Domain.Events.Event.EventId">
            <summary>
                Gets or sets the event identifier.
            </summary>
            <value>The event identifier.</value>
        </member>
        <member name="P:Yuyi.Jinyinmao.Domain.Events.Event.SourceId">
            <summary>
                Gets or sets the source identifier.
            </summary>
            <value>The source identifier.</value>
        </member>
        <member name="P:Yuyi.Jinyinmao.Domain.Events.Event.SourceType">
            <summary>
                Gets or sets the type of the source.
            </summary>
            <value>The type of the source.</value>
        </member>
        <member name="T:Yuyi.Jinyinmao.Domain.Events.IEventProcessor">
            <summary>
                Interface IEventProcessor
            </summary>
        </member>
        <member name="T:Yuyi.Jinyinmao.Domain.Events.IEventProcessor`1">
            <summary>
                Interface IEventProcessor
            </summary>
            <typeparam name="TEvent">The type of the t event.</typeparam>
        </member>
        <member name="M:Yuyi.Jinyinmao.Domain.Events.IEventProcessor`1.ProcessEventAsync(`0)">
            <summary>
                Processes the event asynchronous.
            </summary>
            <param name="event">The event.</param>
            <returns>Task.</returns>
        </member>
        <member name="T:Yuyi.Jinyinmao.Domain.EventProcessingLogger">
            <summary>
                EventProcessingLogger.
            </summary>
        </member>
        <member name="M:Yuyi.Jinyinmao.Domain.EventProcessingLogger.LogError(System.Guid,System.String,System.Exception)">
            <summary>
                Logs the error.
            </summary>
            <param name="eventId">The event identifier.</param>
            <param name="message">The message.</param>
            <param name="exception">The exception.</param>
        </member>
        <member name="T:Yuyi.Jinyinmao.Domain.EventProcessor`1">
            <summary>
                EventProcessor.
            </summary>
        </member>
        <member name="P:Yuyi.Jinyinmao.Domain.EventProcessor`1.ErrorLogger">
            <summary>
                Gets the error logger.
            </summary>
            <value>The error logger.</value>
        </member>
        <member name="P:Yuyi.Jinyinmao.Domain.EventProcessor`1.SmsService">
            <summary>
                Gets the SMS service.
            </summary>
            <value>The SMS service.</value>
        </member>
        <member name="M:Yuyi.Jinyinmao.Domain.EventProcessor`1.ProcessEventAsync(`0)">
            <summary>
                Processes the event.
            </summary>
            <param name="event">The event.</param>
            <returns>Task.</returns>
        </member>
        <member name="M:Yuyi.Jinyinmao.Domain.EventProcessor`1.ProcessingEventAsync(`0,System.Func{`0,System.Threading.Tasks.Task})">
            <summary>
                Processing event asynchronous.
            </summary>
            <param name="event">The event.</param>
            <param name="processing">The processing.</param>
            <returns>Task.</returns>
        </member>
        <member name="T:Yuyi.Jinyinmao.Domain.EventEx">
            <summary>
                EventEx.
            </summary>
        </member>
        <member name="M:Yuyi.Jinyinmao.Domain.EventEx.ToRecord(Yuyi.Jinyinmao.Domain.IEvent)">
            <summary>
                To the record.
            </summary>
            <param name="event">The event.</param>
            <returns>EventRecord.</returns>
        </member>
        <member name="T:Yuyi.Jinyinmao.Domain.EventRecord">
            <summary>
                EventRecord.
            </summary>
        </member>
        <member name="P:Yuyi.Jinyinmao.Domain.EventRecord.Event">
            <summary>
                Gets or sets the event.
            </summary>
            <value>The event.</value>
        </member>
        <member name="P:Yuyi.Jinyinmao.Domain.EventRecord.EventId">
            <summary>
                Gets or sets the event identifier.
            </summary>
            <value>The event identifier.</value>
        </member>
        <member name="P:Yuyi.Jinyinmao.Domain.EventRecord.EventName">
            <summary>
                Gets or sets the name of the event.
            </summary>
            <value>The name of the event.</value>
        </member>
        <member name="T:Yuyi.Jinyinmao.Domain.EventStore">
            <summary>
                EventStore.
            </summary>
        </member>
        <member name="M:Yuyi.Jinyinmao.Domain.EventStore.StoreEventRecordAsync(Yuyi.Jinyinmao.Domain.EventRecord)">
            <summary>
                Stores the event record asynchronous.
            </summary>
            <param name="record">The record.</param>
            <returns>Task.</returns>
        </member>
        <member name="T:Yuyi.Jinyinmao.Domain.GrainType">
            <summary>
                Enum GrainType
            </summary>
        </member>
        <member name="F:Yuyi.Jinyinmao.Domain.GrainType.Cellphone">
            <summary>
                The cellphone, 100001
            </summary>
        </member>
        <member name="F:Yuyi.Jinyinmao.Domain.GrainType.JBY">
            <summary>
                The jby
            </summary>
        </member>
        <member name="F:Yuyi.Jinyinmao.Domain.GrainType.JBYWithdrawalManager">
            <summary>
                The jby withdrawal manager
            </summary>
        </member>
        <member name="T:Yuyi.Jinyinmao.Domain.GrainTypeHelper">
            <summary>
                Class GrainTypeHelper.
            </summary>
        </member>
        <member name="F:Yuyi.Jinyinmao.Domain.GrainTypeHelper.Trillion">
            <summary>
                The trillion
            </summary>
        </member>
        <member name="M:Yuyi.Jinyinmao.Domain.GrainTypeHelper.GetGrainTypeLongKey(Yuyi.Jinyinmao.Domain.GrainType,System.Int32)">
            <summary>
                Gets the grain type long key.
            </summary>
            <param name="grainType">Type of the grain.</param>
            <param name="key">The key.</param>
            <returns>System.Int64.</returns>
        </member>
        <member name="M:Yuyi.Jinyinmao.Domain.GrainTypeHelper.GetGrainTypeLongKey(Yuyi.Jinyinmao.Domain.GrainType,System.String)">
            <summary>
                Gets the grain type long key.
            </summary>
            <param name="grainType">Type of the grain.</param>
            <param name="key">The key.</param>
            <returns>System.Int64.</returns>
        </member>
        <member name="M:Yuyi.Jinyinmao.Domain.GrainTypeHelper.GetGrainTypeLongKey(Yuyi.Jinyinmao.Domain.GrainType,System.Int64)">
            <summary>
                Gets the grain type long key.
            </summary>
            <param name="grainType">Type of the grain.</param>
            <param name="key">The key.</param>
            <returns>System.Int64.</returns>
        </member>
        <member name="M:Yuyi.Jinyinmao.Domain.GrainTypeHelper.GetJBYProductGrainTypeLongKey">
            <summary>
                Gets the jby grain type long key.
            </summary>
            <returns>System.Int64.</returns>
        </member>
        <member name="M:Yuyi.Jinyinmao.Domain.GrainTypeHelper.GetJBYProductWithdrawalManagerGrainTypeLongKey">
            <summary>
                Gets the jby grain type long key.
            </summary>
            <returns>System.Int64.</returns>
        </member>
        <member name="M:Yuyi.Jinyinmao.Domain.GrainTypeHelper.GetSequenceGeneratorGrainTypeKey">
            <summary>
                Gets the sequence generator grain type key.
            </summary>
            <returns>Guid.</returns>
        </member>
        <member name="T:Yuyi.Jinyinmao.Domain.ICommand">
            <summary>
                Interface ICommand
            </summary>
        </member>
        <member name="P:Yuyi.Jinyinmao.Domain.ICommand.CommandId">
            <summary>
                Gets the command identifier.
            </summary>
            <value>The command identifier.</value>
        </member>
        <member name="T:Yuyi.Jinyinmao.Domain.CommandRecord">
            <summary>
                CommandRecord.
            </summary>
        </member>
        <member name="P:Yuyi.Jinyinmao.Domain.CommandRecord.Command">
            <summary>
                Gets or sets the command.
            </summary>
            <value>The command.</value>
        </member>
        <member name="P:Yuyi.Jinyinmao.Domain.CommandRecord.CommandId">
            <summary>
                Gets or sets the command identifier.
            </summary>
            <value>The command identifier.</value>
        </member>
        <member name="P:Yuyi.Jinyinmao.Domain.CommandRecord.CommandName">
            <summary>
                Gets or sets the name of the command.
            </summary>
            <value>The name of the command.</value>
        </member>
        <member name="T:Yuyi.Jinyinmao.Domain.ICommandStore">
            <summary>
                Interface ICommandStore
            </summary>
        </member>
        <member name="M:Yuyi.Jinyinmao.Domain.ICommandStore.StoreCommandRecordAsync(Yuyi.Jinyinmao.Domain.CommandRecord)">
            <summary>
                Stores the command record asynchronous.
            </summary>
            <param name="record">The record.</param>
            <returns>Task.</returns>
        </member>
        <member name="T:Yuyi.Jinyinmao.Domain.IEntity">
            <summary>
                Interface IEntity
            </summary>
        </member>
        <member name="M:Yuyi.Jinyinmao.Domain.IEntity.GetIdAsync">
            <summary>
                Gets the identifier.
            </summary>
            <returns>Task&lt;Guid&gt;.</returns>
        </member>
        <member name="M:Yuyi.Jinyinmao.Domain.IEntity.ReloadAsync">
            <summary>
                Reloads the asynchronous.
            </summary>
            <returns>Task.</returns>
        </member>
        <member name="T:Yuyi.Jinyinmao.Domain.IEntityState">
            <summary>
                Interface IEntityState
            </summary>
        </member>
        <member name="P:Yuyi.Jinyinmao.Domain.IEntityState.Id">
            <summary>
                Gets or sets the identifier.
            </summary>
            <value>The identifier.</value>
        </member>
        <member name="T:Yuyi.Jinyinmao.Domain.IEvent">
            <summary>
                Interface IEvent
            </summary>
        </member>
        <member name="P:Yuyi.Jinyinmao.Domain.IEvent.EventId">
            <summary>
                Gets the event identifier.
            </summary>
            <value>The event identifier.</value>
        </member>
        <member name="P:Yuyi.Jinyinmao.Domain.IEvent.SourceId">
            <summary>
                Gets the source identifier.
            </summary>
            <value>The source identifier.</value>
        </member>
        <member name="P:Yuyi.Jinyinmao.Domain.IEvent.SourceType">
            <summary>
                Gets or sets the type of the source.
            </summary>
            <value>The type of the source.</value>
        </member>
        <member name="P:Yuyi.Jinyinmao.Domain.IEvent.TimeStamp">
            <summary>
                Gets or sets the time stamp.
            </summary>
            <value>The time stamp.</value>
        </member>
        <member name="T:Yuyi.Jinyinmao.Domain.IEventProcessingLogger">
            <summary>
                Interface IEventProcessingLogger
            </summary>
        </member>
        <member name="M:Yuyi.Jinyinmao.Domain.IEventProcessingLogger.LogError(System.Guid,System.String,System.Exception)">
            <summary>
                Logs the error.
            </summary>
            <param name="eventId">The event identifier.</param>
            <param name="message">The message.</param>
            <param name="exception">The exception.</param>
        </member>
        <member name="T:Yuyi.Jinyinmao.Domain.IEventStore">
            <summary>
                Interface IEventStore
            </summary>
        </member>
        <member name="M:Yuyi.Jinyinmao.Domain.IEventStore.StoreEventRecordAsync(Yuyi.Jinyinmao.Domain.EventRecord)">
            <summary>
                Stores the event record asynchronous.
            </summary>
            <param name="record">The record.</param>
            <returns>Task.</returns>
        </member>
        <member name="T:Yuyi.Jinyinmao.Domain.Models.AccountTranscation">
            <summary>
                AccountTranscation.
            </summary>
        </member>
        <member name="P:Yuyi.Jinyinmao.Domain.Models.AccountTranscation.Amount">
            <summary>
                Gets or sets the amount.
            </summary>
            <value>The amount.</value>
        </member>
        <member name="P:Yuyi.Jinyinmao.Domain.Models.AccountTranscation.Args">
            <summary>
                Gets or sets the arguments.
            </summary>
            <value>The arguments.</value>
        </member>
        <member name="P:Yuyi.Jinyinmao.Domain.Models.AccountTranscation.BankCardNo">
            <summary>
                Gets or sets the bank card no.
            </summary>
            <value>The bank card no.</value>
        </member>
        <member name="P:Yuyi.Jinyinmao.Domain.Models.AccountTranscation.ChannelCode">
            <summary>
                Gets or sets the channel code.
            </summary>
            <value>The channel code.</value>
        </member>
        <member name="P:Yuyi.Jinyinmao.Domain.Models.AccountTranscation.Info">
            <summary>
                Gets or sets the information.
            </summary>
            <value>The information.</value>
        </member>
        <member name="P:Yuyi.Jinyinmao.Domain.Models.AccountTranscation.OrderIdentifier">
            <summary>
                Gets or sets the order identifier.
            </summary>
            <value>The order identifier.</value>
        </member>
        <member name="P:Yuyi.Jinyinmao.Domain.Models.AccountTranscation.ResultCode">
            <summary>
                Gets or sets the result code.
            </summary>
            <value>The result code.</value>
        </member>
        <member name="P:Yuyi.Jinyinmao.Domain.Models.AccountTranscation.ResultTime">
            <summary>
                Gets or sets the result time.
            </summary>
            <value>The result time.</value>
        </member>
        <member name="P:Yuyi.Jinyinmao.Domain.Models.AccountTranscation.SequenceNo">
            <summary>
                Gets or sets the sequence no.
            </summary>
            <value>The sequence no.</value>
        </member>
        <member name="P:Yuyi.Jinyinmao.Domain.Models.AccountTranscation.TradeCode">
            <summary>
                Gets or sets the trade code.
            </summary>
            <value>The trade code.</value>
        </member>
        <member name="P:Yuyi.Jinyinmao.Domain.Models.AccountTranscation.TranscationIdentifier">
            <summary>
                Gets or sets the transcation identifier.
            </summary>
            <value>The transcation identifier.</value>
        </member>
        <member name="P:Yuyi.Jinyinmao.Domain.Models.AccountTranscation.TranscationTime">
            <summary>
                Gets or sets the transcation time.
            </summary>
            <value>The transcation time.</value>
        </member>
        <member name="P:Yuyi.Jinyinmao.Domain.Models.AccountTranscation.TransDesc">
            <summary>
                Gets or sets the trans desc.
            </summary>
            <value>The trans desc.</value>
        </member>
        <member name="P:Yuyi.Jinyinmao.Domain.Models.AccountTranscation.UserIdentifier">
            <summary>
                Gets or sets the user identifier.
            </summary>
            <value>The user identifier.</value>
        </member>
        <member name="P:Yuyi.Jinyinmao.Domain.Models.AccountTranscation.UserInfo">
            <summary>
                Gets or sets the user information.
            </summary>
            <value>The user information.</value>
        </member>
        <member name="T:Yuyi.Jinyinmao.Domain.Models.BankCard">
            <summary>
                BankCard.
            </summary>
        </member>
        <member name="P:Yuyi.Jinyinmao.Domain.Models.BankCard.Args">
            <summary>
                Gets or sets the arguments.
            </summary>
            <value>The arguments.</value>
        </member>
        <member name="P:Yuyi.Jinyinmao.Domain.Models.BankCard.BankCardNo">
            <summary>
                Gets or sets the bank card no.
            </summary>
            <value>The bank card no.</value>
        </member>
        <member name="P:Yuyi.Jinyinmao.Domain.Models.BankCard.BankName">
            <summary>
                Gets or sets the name of the bank.
            </summary>
            <value>The name of the bank.</value>
        </member>
        <member name="P:Yuyi.Jinyinmao.Domain.Models.BankCard.CityName">
            <summary>
                Gets or sets the name of the city.
            </summary>
            <value>The name of the city.</value>
        </member>
        <member name="P:Yuyi.Jinyinmao.Domain.Models.BankCard.Display">
            <summary>
                Gets or sets a value indicating whether this <see cref="T:Yuyi.Jinyinmao.Domain.Models.BankCard" /> is display.
            </summary>
            <value><c>true</c> if display; otherwise, <c>false</c>.</value>
        </member>
        <member name="P:Yuyi.Jinyinmao.Domain.Models.BankCard.Id">
            <summary>
                Gets or sets the identifier.
            </summary>
            <value>The identifier.</value>
        </member>
        <member name="P:Yuyi.Jinyinmao.Domain.Models.BankCard.Info">
            <summary>
                Gets or sets the information.
            </summary>
            <value>The information.</value>
        </member>
        <member name="P:Yuyi.Jinyinmao.Domain.Models.BankCard.UserIdentifier">
            <summary>
                Gets or sets the user identifier.
            </summary>
            <value>The user identifier.</value>
        </member>
        <member name="P:Yuyi.Jinyinmao.Domain.Models.BankCard.Verified">
            <summary>
                Gets or sets a value indicating whether this <see cref="T:Yuyi.Jinyinmao.Domain.Models.BankCard" /> is verified.
            </summary>
            <value><c>true</c> if verified; otherwise, <c>false</c>.</value>
        </member>
        <member name="P:Yuyi.Jinyinmao.Domain.Models.BankCard.VerifiedTime">
            <summary>
                Gets or sets the verified time.
            </summary>
            <value>The verified time.</value>
        </member>
        <member name="T:Yuyi.Jinyinmao.Domain.Models.JYMDBContext">
            <summary>
                JYMDBContext.
            </summary>
        </member>
        <member name="F:Yuyi.Jinyinmao.Domain.Models.JYMDBContext.ConnectionString">
            <summary>
                The connectiong string
            </summary>
        </member>
        <member name="M:Yuyi.Jinyinmao.Domain.Models.JYMDBContext.#cctor">
            <summary>
                Initializes static members of the <see cref="T:Yuyi.Jinyinmao.Domain.Models.JYMDBContext" /> class.
            </summary>
        </member>
        <member name="M:Yuyi.Jinyinmao.Domain.Models.JYMDBContext.#ctor">
            <summary>
                Initializes a new instance of the <see cref="T:Yuyi.Jinyinmao.Domain.Models.JYMDBContext" /> class.
            </summary>
        </member>
        <member name="P:Yuyi.Jinyinmao.Domain.Models.JYMDBContext.AccountTranscations">
            <summary>
                Gets or sets the account transcations.
            </summary>
            <value>The account transcations.</value>
        </member>
        <member name="P:Yuyi.Jinyinmao.Domain.Models.JYMDBContext.BankCards">
            <summary>
                Gets or sets the bank cards.
            </summary>
            <value>The bank cards.</value>
        </member>
        <member name="P:Yuyi.Jinyinmao.Domain.Models.JYMDBContext.JBYProducts">
            <summary>
                Gets or sets the jby products.
            </summary>
            <value>The jby products.</value>
        </member>
        <member name="P:Yuyi.Jinyinmao.Domain.Models.JYMDBContext.JBYTranscations">
            <summary>
                Gets or sets the jby transcations.
            </summary>
            <value>The jby transcations.</value>
        </member>
        <member name="P:Yuyi.Jinyinmao.Domain.Models.JYMDBContext.Orders">
            <summary>
                Gets or sets the orders.
            </summary>
            <value>The orders.</value>
        </member>
        <member name="P:Yuyi.Jinyinmao.Domain.Models.JYMDBContext.RegularProducts">
            <summary>
                Gets or sets the regular products.
            </summary>
            <value>The regular products.</value>
        </member>
        <member name="P:Yuyi.Jinyinmao.Domain.Models.JYMDBContext.Users">
            <summary>
                Gets or sets the users.
            </summary>
            <value>The users.</value>
        </member>
        <member name="P:Yuyi.Jinyinmao.Domain.Models.JYMDBContext.VeriCodes">
            <summary>
                Gets or sets the veri codes.
            </summary>
            <value>The veri codes.</value>
        </member>
        <member name="M:Yuyi.Jinyinmao.Domain.Models.JYMDBContext.OnModelCreating(System.Data.Entity.DbModelBuilder)">
            <summary>
                Called when [model creating].
            </summary>
            <param name="modelBuilder">The model builder.</param>
        </member>
        <member name="T:Yuyi.Jinyinmao.Domain.Models.JBYProduct">
            <summary>
                JBYProduct.
            </summary>
        </member>
        <member name="P:Yuyi.Jinyinmao.Domain.Models.JBYProduct.EndSellTime">
            <summary>
                Gets or sets the end sell time.
            </summary>
            <value>The end sell time.</value>
        </member>
        <member name="P:Yuyi.Jinyinmao.Domain.Models.JBYProduct.FinancingSumAmount">
            <summary>
                Gets or sets the financing sum count.
            </summary>
            <value>The financing sum count.</value>
        </member>
        <member name="P:Yuyi.Jinyinmao.Domain.Models.JBYProduct.Info">
            <summary>
                Gets or sets the information.
            </summary>
            <value>The information.</value>
        </member>
        <member name="P:Yuyi.Jinyinmao.Domain.Models.JBYProduct.IssueNo">
            <summary>
                Gets or sets the issue no.
            </summary>
            <value>The issue no.</value>
        </member>
        <member name="P:Yuyi.Jinyinmao.Domain.Models.JBYProduct.IssueTime">
            <summary>
                Gets or sets the issue time.
            </summary>
            <value>The issue time.</value>
        </member>
        <member name="P:Yuyi.Jinyinmao.Domain.Models.JBYProduct.ProductCategory">
            <summary>
                Gets or sets the product category.
            </summary>
            <value>The product category.</value>
        </member>
        <member name="P:Yuyi.Jinyinmao.Domain.Models.JBYProduct.ProductIdentifier">
            <summary>
                Gets or sets the product identifier.
            </summary>
            <value>The product identifier.</value>
        </member>
        <member name="P:Yuyi.Jinyinmao.Domain.Models.JBYProduct.ProductName">
            <summary>
                Gets or sets the name of the product.
            </summary>
            <value>The name of the product.</value>
        </member>
        <member name="P:Yuyi.Jinyinmao.Domain.Models.JBYProduct.ProductNo">
            <summary>
                Gets or sets the product no.
            </summary>
            <value>The product no.</value>
        </member>
        <member name="P:Yuyi.Jinyinmao.Domain.Models.JBYProduct.SoldOut">
            <summary>
                Gets or sets a value indicating whether [sold out].
            </summary>
            <value><c>true</c> if [sold out]; otherwise, <c>false</c>.</value>
        </member>
        <member name="P:Yuyi.Jinyinmao.Domain.Models.JBYProduct.SoldOutTime">
            <summary>
                Gets or sets the sold out time.
            </summary>
            <value>The sold out time.</value>
        </member>
        <member name="P:Yuyi.Jinyinmao.Domain.Models.JBYProduct.StartSellTime">
            <summary>
                Gets or sets the start sell time.
            </summary>
            <value>The start sell time.</value>
        </member>
        <member name="P:Yuyi.Jinyinmao.Domain.Models.JBYProduct.UnitPrice">
            <summary>
                Gets or sets the unit price.
            </summary>
            <value>The unit price.</value>
        </member>
        <member name="P:Yuyi.Jinyinmao.Domain.Models.JBYProduct.ValueDateMode">
            <summary>
                Gets or sets the value date mode.
            </summary>
            <value>The value date mode.</value>
        </member>
        <member name="P:Yuyi.Jinyinmao.Domain.Models.JBYProduct.Yield">
            <summary>
                Gets or sets the yield.
            </summary>
            <value>The yield.</value>
        </member>
        <member name="T:Yuyi.Jinyinmao.Domain.Models.JBYTranscation">
            <summary>
                JBYTranscation.
            </summary>
        </member>
        <member name="P:Yuyi.Jinyinmao.Domain.Models.JBYTranscation.AccountTranscationIdentifier">
            <summary>
                Gets or sets the account transcation identifier.
            </summary>
            <value>The account transcation identifier.</value>
        </member>
        <member name="P:Yuyi.Jinyinmao.Domain.Models.JBYTranscation.Amount">
            <summary>
                Gets or sets the amount.
            </summary>
            <value>The amount.</value>
        </member>
        <member name="P:Yuyi.Jinyinmao.Domain.Models.JBYTranscation.Args">
            <summary>
                Gets or sets the arguments.
            </summary>
            <value>The arguments.</value>
        </member>
        <member name="P:Yuyi.Jinyinmao.Domain.Models.JBYTranscation.Info">
            <summary>
                Gets or sets the information.
            </summary>
            <value>The information.</value>
        </member>
        <member name="P:Yuyi.Jinyinmao.Domain.Models.JBYTranscation.JBYProductIdentifier">
            <summary>
                Gets or sets the jby product identifier.
            </summary>
            <value>The jby product identifier.</value>
        </member>
        <member name="P:Yuyi.Jinyinmao.Domain.Models.JBYTranscation.ResultCode">
            <summary>
                Gets or sets the result code.
            </summary>
            <value>The result code.</value>
        </member>
        <member name="P:Yuyi.Jinyinmao.Domain.Models.JBYTranscation.ResultTime">
            <summary>
                Gets or sets the result time.
            </summary>
            <value>The result time.</value>
        </member>
        <member name="P:Yuyi.Jinyinmao.Domain.Models.JBYTranscation.TradeCode">
            <summary>
                Gets or sets the trade code.
            </summary>
            <value>The trade code.</value>
        </member>
        <member name="P:Yuyi.Jinyinmao.Domain.Models.JBYTranscation.TranscationIdentifier">
            <summary>
                Gets or sets the transcation identifier.
            </summary>
            <value>The transcation identifier.</value>
        </member>
        <member name="P:Yuyi.Jinyinmao.Domain.Models.JBYTranscation.TranscationTime">
            <summary>
                Gets or sets the transcation time.
            </summary>
            <value>The transcation time.</value>
        </member>
        <member name="P:Yuyi.Jinyinmao.Domain.Models.JBYTranscation.TransDesc">
            <summary>
                Gets or sets the trans desc.
            </summary>
            <value>The trans desc.</value>
        </member>
        <member name="P:Yuyi.Jinyinmao.Domain.Models.JBYTranscation.UserIdentifier">
            <summary>
                Gets or sets the user identifier.
            </summary>
            <value>The user identifier.</value>
        </member>
        <member name="P:Yuyi.Jinyinmao.Domain.Models.JBYTranscation.UserInfo">
            <summary>
                Gets or sets the user information.
            </summary>
            <value>The user information.</value>
        </member>
        <member name="T:Yuyi.Jinyinmao.Domain.Models.Mapping.AccountTranscationMap">
            <summary>
                AccountTranscationMap.
            </summary>
        </member>
        <member name="M:Yuyi.Jinyinmao.Domain.Models.Mapping.AccountTranscationMap.#ctor">
            <summary>
                Initializes a new instance of the <see cref="T:Yuyi.Jinyinmao.Domain.Models.Mapping.AccountTranscationMap" /> class.
            </summary>
        </member>
        <member name="T:Yuyi.Jinyinmao.Domain.Models.Mapping.BankCardMap">
            <summary>
                BankCardMap.
            </summary>
        </member>
        <member name="M:Yuyi.Jinyinmao.Domain.Models.Mapping.BankCardMap.#ctor">
            <summary>
                Initializes a new instance of the <see cref="T:Yuyi.Jinyinmao.Domain.Models.Mapping.BankCardMap" /> class.
            </summary>
        </member>
        <member name="T:Yuyi.Jinyinmao.Domain.Models.Mapping.JBYProductMap">
            <summary>
                JBYProductMap.
            </summary>
        </member>
        <member name="M:Yuyi.Jinyinmao.Domain.Models.Mapping.JBYProductMap.#ctor">
            <summary>
                Initializes a new instance of the <see cref="T:Yuyi.Jinyinmao.Domain.Models.Mapping.JBYProductMap" /> class.
            </summary>
        </member>
        <member name="T:Yuyi.Jinyinmao.Domain.Models.Mapping.JBYTranscationMap">
            <summary>
                JBYTranscationMap.
            </summary>
        </member>
        <member name="M:Yuyi.Jinyinmao.Domain.Models.Mapping.JBYTranscationMap.#ctor">
            <summary>
                Initializes a new instance of the <see cref="T:Yuyi.Jinyinmao.Domain.Models.Mapping.JBYTranscationMap" /> class.
            </summary>
        </member>
        <member name="T:Yuyi.Jinyinmao.Domain.Models.Mapping.OrderMap">
            <summary>
                OrderMap.
            </summary>
        </member>
        <member name="M:Yuyi.Jinyinmao.Domain.Models.Mapping.OrderMap.#ctor">
            <summary>
                Initializes a new instance of the <see cref="T:Yuyi.Jinyinmao.Domain.Models.Mapping.OrderMap" /> class.
            </summary>
        </member>
        <member name="T:Yuyi.Jinyinmao.Domain.Models.Mapping.RegularProductMap">
            <summary>
                RegularProductMap.
            </summary>
        </member>
        <member name="M:Yuyi.Jinyinmao.Domain.Models.Mapping.RegularProductMap.#ctor">
            <summary>
                Initializes a new instance of the <see cref="T:Yuyi.Jinyinmao.Domain.Models.Mapping.RegularProductMap" /> class.
            </summary>
        </member>
        <member name="T:Yuyi.Jinyinmao.Domain.Models.Mapping.UserMap">
            <summary>
                UserMap.
            </summary>
        </member>
        <member name="M:Yuyi.Jinyinmao.Domain.Models.Mapping.UserMap.#ctor">
            <summary>
                Initializes a new instance of the <see cref="T:Yuyi.Jinyinmao.Domain.Models.Mapping.UserMap" /> class.
            </summary>
        </member>
        <member name="T:Yuyi.Jinyinmao.Domain.Models.Mapping.VeriCodeMap">
            <summary>
                VeriCodeMap.
            </summary>
        </member>
        <member name="M:Yuyi.Jinyinmao.Domain.Models.Mapping.VeriCodeMap.#ctor">
            <summary>
                Initializes a new instance of the <see cref="T:Yuyi.Jinyinmao.Domain.Models.Mapping.VeriCodeMap" /> class.
            </summary>
        </member>
        <member name="T:Yuyi.Jinyinmao.Domain.Models.Order">
            <summary>
                Order.
            </summary>
        </member>
        <member name="P:Yuyi.Jinyinmao.Domain.Models.Order.AccountTranscationIdentifier">
            <summary>
                Gets or sets the account transcation identifier.
            </summary>
            <value>The account transcation identifier.</value>
        </member>
        <member name="P:Yuyi.Jinyinmao.Domain.Models.Order.Args">
            <summary>
                Gets or sets the arguments.
            </summary>
            <value>The arguments.</value>
        </member>
        <member name="P:Yuyi.Jinyinmao.Domain.Models.Order.Cellphone">
            <summary>
                Gets or sets the cellphone.
            </summary>
            <value>The cellphone.</value>
        </member>
        <member name="P:Yuyi.Jinyinmao.Domain.Models.Order.ExtraInterest">
            <summary>
                Gets or sets the extra interest.
            </summary>
            <value>The extra interest.</value>
        </member>
        <member name="P:Yuyi.Jinyinmao.Domain.Models.Order.ExtraYield">
            <summary>
                Gets or sets the extra yield.
            </summary>
            <value>The extra yield.</value>
        </member>
        <member name="P:Yuyi.Jinyinmao.Domain.Models.Order.Info">
            <summary>
                Gets or sets the information.
            </summary>
            <value>The information.</value>
        </member>
        <member name="P:Yuyi.Jinyinmao.Domain.Models.Order.Interest">
            <summary>
                Gets or sets the interest.
            </summary>
            <value>The interest.</value>
        </member>
        <member name="P:Yuyi.Jinyinmao.Domain.Models.Order.IsRepaid">
            <summary>
                Gets or sets a value indicating whether this instance is repaid.
            </summary>
            <value><c>true</c> if this instance is repaid; otherwise, <c>false</c>.</value>
        </member>
        <member name="P:Yuyi.Jinyinmao.Domain.Models.Order.OrderIdentifier">
            <summary>
                Gets or sets the order identifier.
            </summary>
            <value>The order identifier.</value>
        </member>
        <member name="P:Yuyi.Jinyinmao.Domain.Models.Order.OrderNo">
            <summary>
                Gets or sets the order no.
            </summary>
            <value>The order no.</value>
        </member>
        <member name="P:Yuyi.Jinyinmao.Domain.Models.Order.OrderTime">
            <summary>
                Gets or sets the order time.
            </summary>
            <value>The order time.</value>
        </member>
        <member name="P:Yuyi.Jinyinmao.Domain.Models.Order.Principal">
            <summary>
                Gets or sets the principal.
            </summary>
            <value>The principal.</value>
        </member>
        <member name="P:Yuyi.Jinyinmao.Domain.Models.Order.ProductCategory">
            <summary>
                Gets or sets the product category.
            </summary>
            <value>The product category.</value>
        </member>
        <member name="P:Yuyi.Jinyinmao.Domain.Models.Order.ProductIdentifier">
            <summary>
                Gets or sets the product identifier.
            </summary>
            <value>The product identifier.</value>
        </member>
        <member name="P:Yuyi.Jinyinmao.Domain.Models.Order.ProductSnapshot">
            <summary>
                Gets or sets the product snapshot.
            </summary>
            <value>The product snapshot.</value>
        </member>
        <member name="P:Yuyi.Jinyinmao.Domain.Models.Order.RepaidTime">
            <summary>
                Gets or sets the repaid time.
            </summary>
            <value>The repaid time.</value>
        </member>
        <member name="P:Yuyi.Jinyinmao.Domain.Models.Order.ResultCode">
            <summary>
                Gets or sets the result code.
            </summary>
            <value>The result code.</value>
        </member>
        <member name="P:Yuyi.Jinyinmao.Domain.Models.Order.ResultTime">
            <summary>
                Gets or sets the result time.
            </summary>
            <value>The result time.</value>
        </member>
        <member name="P:Yuyi.Jinyinmao.Domain.Models.Order.SettleDate">
            <summary>
                Gets or sets the settle date.
            </summary>
            <value>The settle date.</value>
        </member>
        <member name="P:Yuyi.Jinyinmao.Domain.Models.Order.TransDesc">
            <summary>
                Gets or sets the trans desc.
            </summary>
            <value>The trans desc.</value>
        </member>
        <member name="P:Yuyi.Jinyinmao.Domain.Models.Order.UserIdentifier">
            <summary>
                Gets or sets the user identifier.
            </summary>
            <value>The user identifier.</value>
        </member>
        <member name="P:Yuyi.Jinyinmao.Domain.Models.Order.UserInfo">
            <summary>
                Gets or sets the user information.
            </summary>
            <value>The user information.</value>
        </member>
        <member name="P:Yuyi.Jinyinmao.Domain.Models.Order.ValueDate">
            <summary>
                Gets or sets the value date.
            </summary>
            <value>The value date.</value>
        </member>
        <member name="P:Yuyi.Jinyinmao.Domain.Models.Order.Yield">
            <summary>
                Gets or sets the yield.
            </summary>
            <value>The yield.</value>
        </member>
        <member name="T:Yuyi.Jinyinmao.Domain.Models.RegularProduct">
            <summary>
                RegularProduct.
            </summary>
        </member>
        <member name="P:Yuyi.Jinyinmao.Domain.Models.RegularProduct.EndSellTime">
            <summary>
                Gets or sets the end sell time.
            </summary>
            <value>The end sell time.</value>
        </member>
        <member name="P:Yuyi.Jinyinmao.Domain.Models.RegularProduct.FinancingSumAmount">
            <summary>
                Gets or sets the financing sum amount.
            </summary>
            <value>The financing sum amount.</value>
        </member>
        <member name="P:Yuyi.Jinyinmao.Domain.Models.RegularProduct.Info">
            <summary>
                Gets or sets the information.
            </summary>
            <value>The information.</value>
        </member>
        <member name="P:Yuyi.Jinyinmao.Domain.Models.RegularProduct.IssueNo">
            <summary>
                Gets or sets the issue no.
            </summary>
            <value>The issue no.</value>
        </member>
        <member name="P:Yuyi.Jinyinmao.Domain.Models.RegularProduct.IssueTime">
            <summary>
                Gets or sets the issue time.
            </summary>
            <value>The issue time.</value>
        </member>
        <member name="P:Yuyi.Jinyinmao.Domain.Models.RegularProduct.PledgeNo">
            <summary>
                Gets or sets the pledge no.
            </summary>
            <value>The pledge no.</value>
        </member>
        <member name="P:Yuyi.Jinyinmao.Domain.Models.RegularProduct.ProductCategory">
            <summary>
                Gets or sets the product category.
            </summary>
            <value>The product category.</value>
        </member>
        <member name="P:Yuyi.Jinyinmao.Domain.Models.RegularProduct.ProductIdentifier">
            <summary>
                Gets or sets the product identifier.
            </summary>
            <value>The product identifier.</value>
        </member>
        <member name="P:Yuyi.Jinyinmao.Domain.Models.RegularProduct.ProductName">
            <summary>
                Gets or sets the name of the product.
            </summary>
            <value>The name of the product.</value>
        </member>
        <member name="P:Yuyi.Jinyinmao.Domain.Models.RegularProduct.ProductNo">
            <summary>
                Gets or sets the product no.
            </summary>
            <value>The product no.</value>
        </member>
        <member name="P:Yuyi.Jinyinmao.Domain.Models.RegularProduct.Repaid">
            <summary>
                Gets or sets a value indicating whether this <see cref="T:Yuyi.Jinyinmao.Domain.Models.RegularProduct" /> is repaid.
            </summary>
            <value><c>true</c> if repaid; otherwise, <c>false</c>.</value>
        </member>
        <member name="P:Yuyi.Jinyinmao.Domain.Models.RegularProduct.RepaidTime">
            <summary>
                Gets or sets the repaid time.
            </summary>
            <value>The repaid time.</value>
        </member>
        <member name="P:Yuyi.Jinyinmao.Domain.Models.RegularProduct.RepaymentDeadline">
            <summary>
                Gets or sets the repayment deadline.
            </summary>
            <value>The repayment deadline.</value>
        </member>
        <member name="P:Yuyi.Jinyinmao.Domain.Models.RegularProduct.SettleDate">
            <summary>
                Gets or sets the settle date.
            </summary>
            <value>The settle date.</value>
        </member>
        <member name="P:Yuyi.Jinyinmao.Domain.Models.RegularProduct.SoldOut">
            <summary>
                Gets or sets a value indicating whether [sold out].
            </summary>
            <value><c>true</c> if [sold out]; otherwise, <c>false</c>.</value>
        </member>
        <member name="P:Yuyi.Jinyinmao.Domain.Models.RegularProduct.SoldOutTime">
            <summary>
                Gets or sets the sold out time.
            </summary>
            <value>The sold out time.</value>
        </member>
        <member name="P:Yuyi.Jinyinmao.Domain.Models.RegularProduct.StartSellTime">
            <summary>
                Gets or sets the start sell time.
            </summary>
            <value>The start sell time.</value>
        </member>
        <member name="P:Yuyi.Jinyinmao.Domain.Models.RegularProduct.UnitPrice">
            <summary>
                Gets or sets the unit price.
            </summary>
            <value>The unit price.</value>
        </member>
        <member name="P:Yuyi.Jinyinmao.Domain.Models.RegularProduct.ValueDate">
            <summary>
                Gets or sets the value date.
            </summary>
            <value>The value date.</value>
        </member>
        <member name="P:Yuyi.Jinyinmao.Domain.Models.RegularProduct.ValueDateMode">
            <summary>
                Gets or sets the value date mode.
            </summary>
            <value>The value date mode.</value>
        </member>
        <member name="P:Yuyi.Jinyinmao.Domain.Models.RegularProduct.Yield">
            <summary>
                Gets or sets the yield.
            </summary>
            <value>The yield.</value>
        </member>
        <member name="T:Yuyi.Jinyinmao.Domain.Models.User">
            <summary>
                User.
            </summary>
        </member>
        <member name="P:Yuyi.Jinyinmao.Domain.Models.User.Args">
            <summary>
                Gets or sets the arguments.
            </summary>
            <value>The arguments.</value>
        </member>
        <member name="P:Yuyi.Jinyinmao.Domain.Models.User.Cellphone">
            <summary>
                Gets or sets the cellphone.
            </summary>
            <value>The cellphone.</value>
        </member>
        <member name="P:Yuyi.Jinyinmao.Domain.Models.User.ClientType">
            <summary>
                Gets or sets the type of the client.
            </summary>
            <value>The type of the client.</value>
        </member>
        <member name="P:Yuyi.Jinyinmao.Domain.Models.User.Closed">
            <summary>
                Gets or sets a value indicating whether this <see cref="T:Yuyi.Jinyinmao.Domain.Models.User" /> is closed.
            </summary>
            <value><c>true</c> if closed; otherwise, <c>false</c>.</value>
        </member>
        <member name="P:Yuyi.Jinyinmao.Domain.Models.User.ContractId">
            <summary>
                Gets or sets the contract identifier.
            </summary>
            <value>The contract identifier.</value>
        </member>
        <member name="P:Yuyi.Jinyinmao.Domain.Models.User.Credential">
            <summary>
                Gets or sets the credential.
            </summary>
            <value>The credential.</value>
        </member>
        <member name="P:Yuyi.Jinyinmao.Domain.Models.User.CredentialNo">
            <summary>
                Gets or sets the credential no.
            </summary>
            <value>The credential no.</value>
        </member>
        <member name="P:Yuyi.Jinyinmao.Domain.Models.User.Info">
            <summary>
                Gets or sets the information.
            </summary>
            <value>The information.</value>
        </member>
        <member name="P:Yuyi.Jinyinmao.Domain.Models.User.InviteBy">
            <summary>
                Gets or sets the invite by.
            </summary>
            <value>The invite by.</value>
        </member>
        <member name="P:Yuyi.Jinyinmao.Domain.Models.User.LoginNames">
            <summary>
                Gets or sets the login names.
            </summary>
            <value>The login names.</value>
        </member>
        <member name="P:Yuyi.Jinyinmao.Domain.Models.User.OutletCode">
            <summary>
                Gets or sets the outlet code.
            </summary>
            <value>The outlet code.</value>
        </member>
        <member name="P:Yuyi.Jinyinmao.Domain.Models.User.RealName">
            <summary>
                Gets or sets the name of the real.
            </summary>
            <value>The name of the real.</value>
        </member>
        <member name="P:Yuyi.Jinyinmao.Domain.Models.User.RegisterTime">
            <summary>
                Gets or sets the register time.
            </summary>
            <value>The register time.</value>
        </member>
        <member name="P:Yuyi.Jinyinmao.Domain.Models.User.UserIdentifier">
            <summary>
                Gets or sets the user identifier.
            </summary>
            <value>The user identifier.</value>
        </member>
        <member name="P:Yuyi.Jinyinmao.Domain.Models.User.Verified">
            <summary>
                Gets or sets a value indicating whether this <see cref="T:Yuyi.Jinyinmao.Domain.Models.User" /> is verified.
            </summary>
            <value><c>true</c> if verified; otherwise, <c>false</c>.</value>
        </member>
        <member name="P:Yuyi.Jinyinmao.Domain.Models.User.VerifiedTime">
            <summary>
                Gets or sets the verified time.
            </summary>
            <value>The verified time.</value>
        </member>
        <member name="T:Yuyi.Jinyinmao.Domain.Models.VeriCode">
            <summary>
                VeriCode.
            </summary>
        </member>
        <member name="P:Yuyi.Jinyinmao.Domain.Models.VeriCode.Args">
            <summary>
                Gets or sets the arguments.
            </summary>
            <value>The arguments.</value>
        </member>
        <member name="P:Yuyi.Jinyinmao.Domain.Models.VeriCode.BuildAt">
            <summary>
                Gets or sets the build at.
            </summary>
            <value>The build at.</value>
        </member>
        <member name="P:Yuyi.Jinyinmao.Domain.Models.VeriCode.Cellphone">
            <summary>
                Gets or sets the cellphone.
            </summary>
            <value>The cellphone.</value>
        </member>
        <member name="P:Yuyi.Jinyinmao.Domain.Models.VeriCode.Code">
            <summary>
                Gets or sets the code.
            </summary>
            <value>The code.</value>
        </member>
        <member name="P:Yuyi.Jinyinmao.Domain.Models.VeriCode.ErrorCount">
            <summary>
                Gets or sets the error count.
            </summary>
            <value>The error count.</value>
        </member>
        <member name="P:Yuyi.Jinyinmao.Domain.Models.VeriCode.Id">
            <summary>
                Gets or sets the identifier.
            </summary>
            <value>The identifier.</value>
        </member>
        <member name="P:Yuyi.Jinyinmao.Domain.Models.VeriCode.Times">
            <summary>
                Gets or sets the times.
            </summary>
            <value>The times.</value>
        </member>
        <member name="P:Yuyi.Jinyinmao.Domain.Models.VeriCode.Token">
            <summary>
                Gets or sets the token.
            </summary>
            <value>The token.</value>
        </member>
        <member name="P:Yuyi.Jinyinmao.Domain.Models.VeriCode.Type">
            <summary>
                Gets or sets the type.
            </summary>
            <value>The type.</value>
        </member>
        <member name="P:Yuyi.Jinyinmao.Domain.Models.VeriCode.Used">
            <summary>
                Gets or sets a value indicating whether this <see cref="T:Yuyi.Jinyinmao.Domain.Models.VeriCode" /> is used.
            </summary>
            <value><c>true</c> if used; otherwise, <c>false</c>.</value>
        </member>
        <member name="P:Yuyi.Jinyinmao.Domain.Models.VeriCode.Verified">
            <summary>
                Gets or sets a value indicating whether this <see cref="T:Yuyi.Jinyinmao.Domain.Models.VeriCode" /> is verified.
            </summary>
            <value><c>true</c> if verified; otherwise, <c>false</c>.</value>
        </member>
        <member name="T:Yuyi.Jinyinmao.Domain.ISaga">
            <summary>
                Interface ISaga
            </summary>
        </member>
        <member name="M:Yuyi.Jinyinmao.Domain.ISaga.ProcessAsync">
            <summary>
                Processes the asynchronous.
            </summary>
            <returns>Task.</returns>
        </member>
        <member name="T:Yuyi.Jinyinmao.Domain.Sagas.ISagaState">
            <summary>
                Interface ISagaState
            </summary>
        </member>
        <member name="P:Yuyi.Jinyinmao.Domain.Sagas.ISagaState.BeginTime">
            <summary>
            Gets or sets the begin time.
            </summary>
            <value>The begin time.</value>
        </member>
        <member name="P:Yuyi.Jinyinmao.Domain.Sagas.ISagaState.SagaId">
            <summary>
                Gets or sets the saga identifier.
            </summary>
            <value>The saga identifier.</value>
        </member>
        <member name="P:Yuyi.Jinyinmao.Domain.Sagas.ISagaState.SagaType">
            <summary>
                Gets or sets the type of the saga.
            </summary>
            <value>The type of the saga.</value>
        </member>
        <member name="T:Yuyi.Jinyinmao.Domain.RetryPolicyHelper">
            <summary>
                RetryPolicyFactory.
            </summary>
        </member>
        <member name="P:Yuyi.Jinyinmao.Domain.RetryPolicyHelper.SqlDatabase">
            <summary>
                Gets the SQL database retry policy.
            </summary>
        </member>
        <member name="T:Yuyi.Jinyinmao.Domain.SagaStateRecord">
            <summary>
                SagaEntity.
            </summary>
        </member>
        <member name="P:Yuyi.Jinyinmao.Domain.SagaStateRecord.BeginTime">
            <summary>
                Gets or sets the begin time.
            </summary>
            <value>The begin time.</value>
        </member>
        <member name="P:Yuyi.Jinyinmao.Domain.SagaStateRecord.CurrentProcessingStatus">
            <summary>
                Gets or sets the current processing status.
            </summary>
            <value>The current processing status.</value>
        </member>
        <member name="P:Yuyi.Jinyinmao.Domain.SagaStateRecord.Info">
            <summary>
                Gets or sets the information.
            </summary>
            <value>The information.</value>
        </member>
        <member name="P:Yuyi.Jinyinmao.Domain.SagaStateRecord.Message">
            <summary>
                Gets or sets the message.
            </summary>
            <value>The message.</value>
        </member>
        <member name="P:Yuyi.Jinyinmao.Domain.SagaStateRecord.SagaId">
            <summary>
                Gets or sets the saga identifier.
            </summary>
            <value>The saga identifier.</value>
        </member>
        <member name="P:Yuyi.Jinyinmao.Domain.SagaStateRecord.SagaState">
            <summary>
                Gets or sets the initialize data.
            </summary>
            <value>The initialize data.</value>
        </member>
        <member name="P:Yuyi.Jinyinmao.Domain.SagaStateRecord.SagaType">
            <summary>
                Gets or sets the type of the saga.
            </summary>
            <value>The type of the saga.</value>
        </member>
        <member name="P:Yuyi.Jinyinmao.Domain.SagaStateRecord.State">
            <summary>
                Gets or sets the state. 0 => Processing, -1 => Error, 1 => Complete
            </summary>
            <value>The state.</value>
        </member>
        <member name="P:Yuyi.Jinyinmao.Domain.SagaStateRecord.UpdateTime">
            <summary>
                Gets or sets the update time.
            </summary>
            <value>The update time.</value>
        </member>
        <member name="M:Yuyi.Jinyinmao.Domain.SagaStateRecord.Add(System.String,System.Object)">
            <summary>
                Adds the specified key.
            </summary>
            <param name="key">The key.</param>
            <param name="value">The value.</param>
        </member>
        <member name="T:Yuyi.Jinyinmao.Domain.SagaGrain`1">
            <summary>
                SagaGrain.
            </summary>
            <typeparam name="TState">The type of the t state.</typeparam>
        </member>
        <member name="P:Yuyi.Jinyinmao.Domain.SagaGrain`1.Info">
            <summary>
                Gets or sets the information.
            </summary>
            <value>The information.</value>
        </member>
        <member name="P:Yuyi.Jinyinmao.Domain.SagaGrain`1.Message">
            <summary>
                Gets or sets the message.
            </summary>
            <value>The message.</value>
        </member>
        <member name="P:Yuyi.Jinyinmao.Domain.SagaGrain`1.Waiting">
            <summary>
                Gets or sets a value indicating whether this <see cref="T:Yuyi.Jinyinmao.Domain.SagaGrain`1" /> is waiting.
            </summary>
            <value><c>true</c> if waiting; otherwise, <c>false</c>.</value>
        </member>
        <member name="P:Yuyi.Jinyinmao.Domain.SagaGrain`1.SagaStateRecord">
            <summary>
                Gets or sets the saga entity.
            </summary>
            <value>The saga entity.</value>
        </member>
        <member name="M:Yuyi.Jinyinmao.Domain.SagaGrain`1.ReceiveReminder(System.String,Orleans.Runtime.TickStatus)">
            <summary>
                Receieve a new Reminder.
            </summary>
            <param name="reminderName">Name of this Reminder</param>
            <param name="status">Status of this Reminder tick</param>
            <returns>
                Completion promise which the grain will resolve when it has finished processing this Reminder tick.
            </returns>
        </member>
        <member name="M:Yuyi.Jinyinmao.Domain.SagaGrain`1.ProcessAsync">
            <summary>
                Processes the asynchronous.
            </summary>
            <returns>Task.</returns>
        </member>
        <member name="M:Yuyi.Jinyinmao.Domain.SagaGrain`1.OnActivateAsync">
            <summary>
                This method is called at the end of the process of activating a grain.
                It is called before any messages have been dispatched to the grain.
                For grains with declared persistent state, this method is called after the State property has been populated.
            </summary>
        </member>
        <member name="M:Yuyi.Jinyinmao.Domain.SagaGrain`1.LogError(System.Exception,System.String)">
            <summary>
                Logs the error.
            </summary>
            <param name="exception">The exception.</param>
            <param name="message">The message.</param>
        </member>
        <member name="M:Yuyi.Jinyinmao.Domain.SagaGrain`1.RegisterReminder">
            <summary>
                Registers the reminder.
            </summary>
            <returns>Task.</returns>
        </member>
        <member name="M:Yuyi.Jinyinmao.Domain.SagaGrain`1.RunIntoError(System.Exception,System.String,System.Int32,System.Collections.Generic.Dictionary{System.String,System.Object})">
            <summary>
                Runs the into error.
            </summary>
            <param name="exception">The exception.</param>
            <param name="message">The message.</param>
            <param name="currentProcessingStatus">The current processing status.</param>
            <param name="info">The information.</param>
            <returns>Task.</returns>
        </member>
        <member name="M:Yuyi.Jinyinmao.Domain.SagaGrain`1.StoreSagaStateAsync(System.Int32,System.String,System.Collections.Generic.Dictionary{System.String,System.Object},System.Int32)">
            <summary>
                Initializes the saga entity.
            </summary>
            <param name="currentProcessingStatus">The current processing status.</param>
            <param name="message">The message.</param>
            <param name="info">The information.</param>
            <param name="state">The state.</param>
            <returns>Task.</returns>
        </member>
        <member name="M:Yuyi.Jinyinmao.Domain.SagaGrain`1.UnregisterReminder">
            <summary>
                Unregisters the reminder.
            </summary>
            <returns>Task.</returns>
        </member>
        <member name="T:Yuyi.Jinyinmao.Domain.SiloClusterConfig">
            <summary>
                SiloClusterConfig.
            </summary>
        </member>
        <member name="P:Yuyi.Jinyinmao.Domain.SiloClusterConfig.CacheTable">
            <summary>
                Gets the cache table.
            </summary>
            <value>The product cache table.</value>
        </member>
        <member name="P:Yuyi.Jinyinmao.Domain.SiloClusterConfig.CloudStorageAccount">
            <summary>
                Gets the cloud storage account.
            </summary>
            <value>The cloud storage account.</value>
        </member>
        <member name="P:Yuyi.Jinyinmao.Domain.SiloClusterConfig.CommandStoreContainer">
            <summary>
                Gets the command store container.
            </summary>
            <value>The command store container.</value>
        </member>
        <member name="P:Yuyi.Jinyinmao.Domain.SiloClusterConfig.ErrorLogsTable">
            <summary>
                Gets the error logs table.
            </summary>
            <value>The error logs table.</value>
        </member>
        <member name="P:Yuyi.Jinyinmao.Domain.SiloClusterConfig.EventStoreContainer">
            <summary>
                Gets the event store container.
            </summary>
            <value>The event store container.</value>
        </member>
        <member name="P:Yuyi.Jinyinmao.Domain.SiloClusterConfig.PrivateFileContainer">
            <summary>
                Gets the private file container.
            </summary>
            <value>The private file container.</value>
        </member>
        <member name="P:Yuyi.Jinyinmao.Domain.SiloClusterConfig.PublicFileContainer">
            <summary>
                Gets the public file container.
            </summary>
            <value>The public file container.</value>
        </member>
        <member name="P:Yuyi.Jinyinmao.Domain.SiloClusterConfig.SagasTable">
            <summary>
                Gets or sets the sagas table.
            </summary>
            <value>The sagas table.</value>
        </member>
        <member name="P:Yuyi.Jinyinmao.Domain.SiloClusterConfig.ServiceBusConnectionString">
            <summary>
                Gets or sets the service bus connectiong string.
            </summary>
            <value>The service bus connectiong string.</value>
        </member>
        <member name="T:Yuyi.Jinyinmao.Domain.SiloClusterErrorLogger">
            <summary>
                SiloClusterLogger.
            </summary>
        </member>
        <member name="M:Yuyi.Jinyinmao.Domain.SiloClusterErrorLogger.#cctor">
            <summary>
                Initializes a new instance of the <see cref="T:Yuyi.Jinyinmao.Domain.SiloClusterErrorLogger" /> class.
            </summary>
        </member>
        <member name="M:Yuyi.Jinyinmao.Domain.SiloClusterErrorLogger.Log(System.Exception,System.String,System.Object[])">
            <summary>
                Logs the specified exception.
            </summary>
            <param name="exception">The exception.</param>
            <param name="messageTemplate">The message template.</param>
            <param name="propertyValues">The property values.</param>
        </member>
        <member name="M:Yuyi.Jinyinmao.Domain.SiloClusterErrorLogger.Log(System.String,System.Object[])">
            <summary>
                Logs the specified message template.
            </summary>
            <param name="messageTemplate">The message template.</param>
            <param name="propertyValues">The property values.</param>
        </member>
        <member name="T:Yuyi.Jinyinmao.Domain.SiloClusterTraceLogger">
            <summary>
                SiloClusterTraceLogger.
            </summary>
        </member>
        <member name="M:Yuyi.Jinyinmao.Domain.SiloClusterTraceLogger.#cctor">
            <summary>
                Initializes static members of the <see cref="T:Yuyi.Jinyinmao.Domain.SiloClusterTraceLogger" /> class.
            </summary>
        </member>
        <member name="M:Yuyi.Jinyinmao.Domain.SiloClusterTraceLogger.Log(System.Exception,System.String,System.Object[])">
            <summary>
                Logs the specified exception.
            </summary>
            <param name="exception">The exception.</param>
            <param name="messageTemplate">The message template.</param>
            <param name="propertyValues">The property values.</param>
        </member>
        <member name="M:Yuyi.Jinyinmao.Domain.SiloClusterTraceLogger.Log(System.String,System.Object[])">
            <summary>
                Logs the specified message template.
            </summary>
            <param name="messageTemplate">The message template.</param>
            <param name="propertyValues">The property values.</param>
        </member>
        <member name="T:Yuyi.Jinyinmao.Domain.SqlDatabaseProvider">
            <summary>
                Class SqlDatabaseProvider.
            </summary>
        </member>
        <member name="P:Yuyi.Jinyinmao.Domain.SqlDatabaseProvider.Log">
            <summary>
                Logger of this storage provider instance.
            </summary>
        </member>
        <member name="P:Yuyi.Jinyinmao.Domain.SqlDatabaseProvider.Name">
            <summary>
                Name of this storage provider instance.
            </summary>
        </member>
        <member name="M:Yuyi.Jinyinmao.Domain.SqlDatabaseProvider.ClearStateAsync(System.String,Orleans.Runtime.GrainReference,Orleans.IGrainState)">
            <summary>
                Clears the state asynchronous. Do nothing.
            </summary>
            <param name="grainType">Type of the grain.</param>
            <param name="grainReference">The grain reference.</param>
            <param name="grainState">State of the grain.</param>
            <returns>Task.</returns>
        </member>
        <member name="M:Yuyi.Jinyinmao.Domain.SqlDatabaseProvider.Close">
            <summary>
                Closes this instance.
            </summary>
            <returns>Task.</returns>
        </member>
        <member name="M:Yuyi.Jinyinmao.Domain.SqlDatabaseProvider.Init(System.String,Orleans.Providers.IProviderRuntime,Orleans.Providers.IProviderConfiguration)">
            <summary>
                Initialization function for this storage provider.
            </summary>
            <param name="name">The name.</param>
            <param name="providerRuntime">The provider runtime.</param>
            <param name="config">The configuration.</param>
            <returns>Task.</returns>
            <exception cref="T:Orleans.Storage.BadProviderConfigException">The DataConnectionString setting has not been configured. Please add a DataConnectionString setting with a valid connection string.</exception>
        </member>
        <member name="M:Yuyi.Jinyinmao.Domain.SqlDatabaseProvider.ReadStateAsync(System.String,Orleans.Runtime.GrainReference,Orleans.IGrainState)">
            <summary>
                Read state data function for this storage provider.
            </summary>
            <param name="grainType">Type of the grain.</param>
            <param name="grainReference">The grain reference.</param>
            <param name="grainState">State of the grain.</param>
            <returns>Task.</returns>
        </member>
        <member name="M:Yuyi.Jinyinmao.Domain.SqlDatabaseProvider.WriteStateAsync(System.String,Orleans.Runtime.GrainReference,Orleans.IGrainState)">
            <summary>
                Writes the state asynchronous.
            </summary>
            <param name="grainType">Type of the grain.</param>
            <param name="grainReference">The grain reference.</param>
            <param name="grainState">State of the grain.</param>
            <returns>Task.</returns>
            <exception cref="T:System.ApplicationException">Id:{0},Key{2} can not write the grain state.</exception>
        </member>
        <member name="M:Yuyi.Jinyinmao.Domain.SqlDatabaseProvider.ConfigureJsonSerializerSettings(Orleans.Providers.IProviderConfiguration)">
            <summary>
                Configures the json serializer settings.
            </summary>
            <param name="config">The configuration.</param>
        </member>
        <member name="M:Yuyi.Jinyinmao.Domain.SqlDatabaseProvider.GetConnectionString(Orleans.Runtime.GrainReference)">
            <summary>
                Gets the connection string.
            </summary>
            <param name="grainReference">The grain reference.</param>
            <returns>System.String.</returns>
        </member>
        <member name="M:Yuyi.Jinyinmao.Domain.SqlDatabaseProvider.GetTableName(Orleans.Runtime.GrainReference)">
            <summary>
                Gets the name of the table.
            </summary>
            <param name="grainReference">The grain reference.</param>
            <returns>System.String.</returns>
        </member>
        <member name="T:Yuyi.Jinyinmao.Domain.GrainStateRecord">
            <summary>
                Class GrainStateRecord.
            </summary>
        </member>
        <member name="P:Yuyi.Jinyinmao.Domain.GrainStateRecord.Data">
            <summary>
                Gets or sets the data.
            </summary>
            <value>The data.</value>
        </member>
        <member name="P:Yuyi.Jinyinmao.Domain.GrainStateRecord.Id">
            <summary>
                Gets or sets the identifier.
            </summary>
            <value>The identifier.</value>
        </member>
        <member name="P:Yuyi.Jinyinmao.Domain.GrainStateRecord.Key">
            <summary>
                Gets or sets the key.
            </summary>
            <value>The key.</value>
        </member>
        <member name="P:Yuyi.Jinyinmao.Domain.GrainStateRecord.LongId">
            <summary>
                Gets or sets the long identifier.
            </summary>
            <value>The long identifier.</value>
        </member>
        <member name="P:Yuyi.Jinyinmao.Domain.GrainStateRecord.TimeStamp">
            <summary>
                Gets or sets the time stamp.
            </summary>
            <value>The time stamp.</value>
        </member>
        <member name="P:Yuyi.Jinyinmao.Domain.GrainStateRecord.Type">
            <summary>
                Gets or sets the type.
            </summary>
            <value>The type.</value>
        </member>
    </members>
</doc>
