<?xml version="1.0"?>
<doc>
    <assembly>
        <name>Yuyi.Jinyinmao.Service.Misc.Interface</name>
    </assembly>
    <members>
        <member name="T:Yuyi.Jinyinmao.Service.Interface.ISmsService">
            <summary>
                Interface ISmsService
            </summary>
        </member>
        <member name="M:Yuyi.Jinyinmao.Service.Interface.ISmsService.GetBalanceAsync">
            <summary>
                Gets the balance asynchronous.
            </summary>
            <returns>Task&lt;System.Int32&gt;.</returns>
        </member>
        <member name="M:Yuyi.Jinyinmao.Service.Interface.ISmsService.SendMessageAsync(System.String,System.String,System.String)">
            <summary>
                Sends the message asynchronous.
            </summary>
            <param name="cellphones">The cellphones.</param>
            <param name="message">The message.</param>
            <param name="signature">The signature.</param>
            <returns>Task&lt;System.Boolean&gt;.</returns>
        </member>
        <member name="T:Yuyi.Jinyinmao.Service.Interface.IVeriCodeService">
            <summary>
                Interface IVeriCodeService
            </summary>
        </member>
        <member name="M:Yuyi.Jinyinmao.Service.Interface.IVeriCodeService.SendAsync(System.String,Yuyi.Jinyinmao.Service.Interface.VeriCodeType,System.Collections.Generic.Dictionary{System.String,System.Object})">
            <summary>
                Sends the asynchronous.
            </summary>
            <param name="cellphone">The cellphone.</param>
            <param name="type">The type.</param>
            <param name="args">The arguments.</param>
            <returns>Task&lt;SendVeriCodeResult&gt;.</returns>
        </member>
        <member name="M:Yuyi.Jinyinmao.Service.Interface.IVeriCodeService.UseAsync(System.String,Yuyi.Jinyinmao.Service.Interface.VeriCodeType)">
            <summary>
                Uses the asynchronous.
            </summary>
            <param name="token">The token.</param>
            <param name="type">The type.</param>
            <returns>Task&lt;UseVeriCodeResult&gt;.</returns>
        </member>
        <member name="M:Yuyi.Jinyinmao.Service.Interface.IVeriCodeService.VerifyAsync(System.String,System.String,Yuyi.Jinyinmao.Service.Interface.VeriCodeType)">
            <summary>
                Verifies the asynchronous.
            </summary>
            <param name="cellphone">The cellphone.</param>
            <param name="code">The code.</param>
            <param name="type">The type.</param>
            <returns>Task&lt;VerifyVeriCodeResult&gt;.</returns>
        </member>
        <member name="T:Yuyi.Jinyinmao.Service.Interface.SendVeriCodeResult">
            <summary>
                Class SendVeriCodeResult.
            </summary>
        </member>
        <member name="P:Yuyi.Jinyinmao.Service.Interface.SendVeriCodeResult.RemainCount">
            <summary>
                Gets or sets the remain count.
            </summary>
            <value>The remain count.</value>
        </member>
        <member name="P:Yuyi.Jinyinmao.Service.Interface.SendVeriCodeResult.Success">
            <summary>
                Gets or sets a value indicating whether this <see cref="T:Yuyi.Jinyinmao.Service.Interface.SendVeriCodeResult" /> is success.
            </summary>
            <value><c>true</c> if success; otherwise, <c>false</c>.</value>
        </member>
        <member name="T:Yuyi.Jinyinmao.Service.Interface.UseVeriCodeResult">
            <summary>
                Class UseVeriCodeResult.
            </summary>
        </member>
        <member name="P:Yuyi.Jinyinmao.Service.Interface.UseVeriCodeResult.Cellphone">
            <summary>
                Gets or sets the cellphone.
            </summary>
            <value>The cellphone.</value>
        </member>
        <member name="P:Yuyi.Jinyinmao.Service.Interface.UseVeriCodeResult.Result">
            <summary>
                Gets or sets a value indicating whether this <see cref="T:Yuyi.Jinyinmao.Service.Interface.UseVeriCodeResult" /> is result.
            </summary>
            <value><c>true</c> if result; otherwise, <c>false</c>.</value>
        </member>
        <member name="T:Yuyi.Jinyinmao.Service.Interface.VeriCodeType">
            <summary>
                Enum VeriCodeType
            </summary>
        </member>
        <member name="F:Yuyi.Jinyinmao.Service.Interface.VeriCodeType.SignUp">
            <summary>
                注册
            </summary>
        </member>
        <member name="F:Yuyi.Jinyinmao.Service.Interface.VeriCodeType.ResetLoginPassword">
            <summary>
                重置登录密码
            </summary>
        </member>
        <member name="F:Yuyi.Jinyinmao.Service.Interface.VeriCodeType.ResetPaymentPassword">
            <summary>
                重置支付密码
            </summary>
        </member>
        <member name="T:Yuyi.Jinyinmao.Service.Interface.VerifyVeriCodeResult">
            <summary>
                Class VerifyVeriCodeResult.
            </summary>
        </member>
        <member name="P:Yuyi.Jinyinmao.Service.Interface.VerifyVeriCodeResult.RemainCount">
            <summary>
                Gets or sets the remain count.
            </summary>
            <value>The remain count.</value>
        </member>
        <member name="P:Yuyi.Jinyinmao.Service.Interface.VerifyVeriCodeResult.Success">
            <summary>
                Gets or sets a value indicating whether this <see cref="T:Yuyi.Jinyinmao.Service.Interface.VerifyVeriCodeResult" /> is success.
            </summary>
            <value><c>true</c> if success; otherwise, <c>false</c>.</value>
        </member>
        <member name="P:Yuyi.Jinyinmao.Service.Interface.VerifyVeriCodeResult.Token">
            <summary>
                Gets or sets the token.
            </summary>
            <value>The token.</value>
        </member>
    </members>
</doc>
